item_id	item_name	zone_id	zone_name	source_type	category
28292	A Living Fragment of Air	215	poair	npc_drop	elemental
29983	Air Arachnid Silk	215	poair	npc_drop	elemental
20896	Air Fetish	215	poair	npc_drop	elemental
29524	Air Mephit Blood	215	poair	npc_drop	elemental
31449	Air Mephit Skin	215	poair	npc_drop	elemental
26719	Alabaster Beak	215	poair	npc_drop	elemental
16152	Band of Fortitude	215	poair	npc_drop	elemental
9959	Band of Swirling Air	215	poair	npc_drop	elemental
24773	Bejeweled Dagger of Summoning	215	poair	npc_drop	elemental
22503	Blue Diamond	215	poair	npc_drop	elemental
16282	Brick of Ethereal Energy	215	poair	npc_drop	elemental
27273	Bulwark of Shimmering Steel	215	poair	npc_drop	elemental
29537	Chunk of Wind Metal	215	poair	npc_drop	elemental
26728	Cracked Ornamental Epaulet	215	poair	npc_drop	elemental
26095	Crow Footed Lance	215	poair	npc_drop	elemental
24784	Crystal Tipped Onyxwood Staff	215	poair	npc_drop	elemental
26734	Crystalline Shard	215	poair	npc_drop	elemental
27309	Defender of the Ancestral Spirit	215	poair	npc_drop	elemental
10037	Diamond	215	poair	npc_drop	elemental
16369	Elemental Bracer Mold	215	poair	npc_drop	elemental
16365	Elemental Chain Bracelet Pattern	215	poair	npc_drop	elemental
16362	Elemental Chain Coif Pattern	215	poair	npc_drop	elemental
16366	Elemental Chain Glove Pattern	215	poair	npc_drop	elemental
16367	Elemental Chain Pant Pattern	215	poair	npc_drop	elemental
16364	Elemental Chain Sleeve Pattern	215	poair	npc_drop	elemental
16374	Elemental Gauntlet Mold	215	poair	npc_drop	elemental
16373	Elemental Greaves Mold	215	poair	npc_drop	elemental
16371	Elemental Helm Mold	215	poair	npc_drop	elemental
16380	Elemental Leather Glove Pattern	215	poair	npc_drop	elemental
16376	Elemental Leather Helm Pattern	215	poair	npc_drop	elemental
16381	Elemental Leather Pant Pattern	215	poair	npc_drop	elemental
16378	Elemental Leather Sleeve Pattern	215	poair	npc_drop	elemental
16379	Elemental Leather Wrist Pattern	215	poair	npc_drop	elemental
16386	Elemental Silk Bracelet Pattern	215	poair	npc_drop	elemental
16387	Elemental Silk Glove Pattern	215	poair	npc_drop	elemental
16388	Elemental Silk Pant Pattern	215	poair	npc_drop	elemental
16385	Elemental Silk Sleeve Pattern	215	poair	npc_drop	elemental
16383	Elemental Silk Turban Pattern	215	poair	npc_drop	elemental
16372	Elemental Vambrace Mold	215	poair	npc_drop	elemental
15841	Ensorcelled Metalcloth Cape	215	poair	npc_drop	elemental
16263	Essence of Wind	215	poair	npc_drop	elemental
9586	Exquisite Leather Cap	215	poair	npc_drop	elemental
13672	Exquisite Phoenix Feather Mantle	215	poair	npc_drop	elemental
26737	Exquisite Puresteel Wraps	215	poair	npc_drop	elemental
30194	Featherwood Bow Staff	215	poair	npc_drop	elemental
29497	Featherwood Sap	215	poair	npc_drop	elemental
26729	Filmy Mephit Wing	215	poair	npc_drop	elemental
9480	Fine Hammered Faceguard	215	poair	npc_drop	elemental
26712	Flaming Phoenix Crest	215	poair	npc_drop	elemental
26731	Flask of Pure Water	215	poair	npc_drop	elemental
26715	Fog Fragment	215	poair	npc_drop	elemental
26716	Gaseous Condensate	215	poair	npc_drop	elemental
8772	Gleaming Pendant of Xegony	215	poair	npc_drop	elemental
26714	Globe of Pure Air	215	poair	npc_drop	elemental
29132	Glyphed Rune Word	215	poair	npc_drop	elemental
26725	Golden Ear Hoop	215	poair	npc_drop	elemental
26730	Goldleaf Tiara	215	poair	npc_drop	elemental
26795	Grimoire of Extraplanar Wisdom	215	poair	npc_drop	elemental
22889	Heavy Bludgeoner	215	poair	npc_drop	elemental
16258	Hope Stone	215	poair	npc_drop	elemental
26723	Intricate Wood Carving	215	poair	npc_drop	elemental
26718	Iridescent Plume	215	poair	npc_drop	elemental
24587	Ivory Hilted Cleaver	215	poair	npc_drop	elemental
26732	Ivory Stormrider Canine	215	poair	npc_drop	elemental
26727	Links of Chain	215	poair	npc_drop	elemental
26733	Luminous Bangle	215	poair	npc_drop	elemental
26721	Magnificent Thorax	215	poair	npc_drop	elemental
29744	Mephit Meat	215	poair	npc_drop	elemental
26722	Multifaceted Eye	215	poair	npc_drop	elemental
28642	Mystical Essence of Dust	215	poair	npc_drop	elemental
28641	Mystical Essence of Mist	215	poair	npc_drop	elemental
28640	Mystical Essence of Smoke	215	poair	npc_drop	elemental
28639	Mystical Essence of Wind	215	poair	npc_drop	elemental
10028	Peridot	215	poair	npc_drop	elemental
29746	Phoenix Egg	215	poair	npc_drop	elemental
16153	Prismatic Belt of the Queztocatal	215	poair	npc_drop	elemental
26717	Prismatic Feather	215	poair	npc_drop	elemental
10231	Puremetal Band	215	poair	npc_drop	elemental
13690	Puresteel Mantle	215	poair	npc_drop	elemental
20609	Radiant Feather	215	poair	npc_drop	elemental
15981	Raw Diamond	215	poair	npc_drop	elemental
13668	Resplendent Epaulets	215	poair	npc_drop	elemental
24569	Rune Stamped Blade	215	poair	npc_drop	elemental
9468	Scintillating Feather Mask	215	poair	npc_drop	elemental
26726	Shining Metallic Splinter	215	poair	npc_drop	elemental
26713	Shining Talon	215	poair	npc_drop	elemental
26720	Silken Strand	215	poair	npc_drop	elemental
10234	Simple Ring of Purity	215	poair	npc_drop	elemental
26711	Smoldering Phoenix Feather	215	poair	npc_drop	elemental
26724	Soft Sanguine Sash	215	poair	npc_drop	elemental
16567	Sparkling Satin Pantaloons	215	poair	npc_drop	elemental
22969	Sparkling Shortsword	215	poair	npc_drop	elemental
29131	Spectral Parchment	215	poair	npc_drop	elemental
19437	Spiked Toe Boots	215	poair	npc_drop	elemental
16285	Strand of Ether	215	poair	npc_drop	elemental
20617	Symbol of the Swirling Maelstrom	215	poair	npc_drop	elemental
15970	Tainted Planar Essence	215	poair	npc_drop	elemental
15812	Tethered Air Cape	215	poair	npc_drop	elemental
27992	The Rhythm of Xegony	215	poair	npc_drop	elemental
14747	Vest of Phoenix Feathers	215	poair	npc_drop	elemental
24093	Wax Flower	215	poair	npc_drop	elemental
2630	Whispering Air Bangle	215	poair	npc_drop	elemental
15871	Woven Steel Sash	215	poair	npc_drop	elemental
26788	Xephyrus, Wand of the Flowing Wind	215	poair	npc_drop	elemental
21745	A Kraken Eye	216	powater	npc_drop	elemental
28293	A Living Fragment of Water	216	powater	npc_drop	elemental
7127	Abalone Earring	216	powater	npc_drop	elemental
9488	Abalone Engraved Tribal Mask	216	powater	npc_drop	elemental
14962	Algae Covered Chainmail	216	powater	npc_drop	elemental
24774	Algae Covered Stiletto	216	powater	npc_drop	elemental
7756	Amulet of the Starfish	216	powater	npc_drop	elemental
21852	An Oblong Seashell	216	powater	npc_drop	elemental
22503	Blue Diamond	216	powater	npc_drop	elemental
16282	Brick of Ethereal Energy	216	powater	npc_drop	elemental
29535	Chunk of E'cian Ice	216	powater	npc_drop	elemental
22899	Coral Headed Mace	216	powater	npc_drop	elemental
24594	Coral Hilted Shortsword	216	powater	npc_drop	elemental
25994	Coral Hilted Tulwar	216	powater	npc_drop	elemental
20887	Coral Shard	216	powater	npc_drop	elemental
21747	Crab Meat	216	powater	npc_drop	elemental
10037	Diamond	216	powater	npc_drop	elemental
16097	Double Woven Kelp Cord	216	powater	npc_drop	elemental
10242	Earring of Embedded Coral	216	powater	npc_drop	elemental
16370	Elemental Boot Mold	216	powater	npc_drop	elemental
16369	Elemental Bracer Mold	216	powater	npc_drop	elemental
16368	Elemental Chain Boot Pattern	216	powater	npc_drop	elemental
16365	Elemental Chain Bracelet Pattern	216	powater	npc_drop	elemental
16367	Elemental Chain Pant Pattern	216	powater	npc_drop	elemental
16364	Elemental Chain Sleeve Pattern	216	powater	npc_drop	elemental
16373	Elemental Greaves Mold	216	powater	npc_drop	elemental
16382	Elemental Leather Boot Pattern	216	powater	npc_drop	elemental
16381	Elemental Leather Pant Pattern	216	powater	npc_drop	elemental
16378	Elemental Leather Sleeve Pattern	216	powater	npc_drop	elemental
16379	Elemental Leather Wrist Pattern	216	powater	npc_drop	elemental
16389	Elemental Silk Boot Pattern	216	powater	npc_drop	elemental
16386	Elemental Silk Bracelet Pattern	216	powater	npc_drop	elemental
16388	Elemental Silk Pant Pattern	216	powater	npc_drop	elemental
16385	Elemental Silk Sleeve Pattern	216	powater	npc_drop	elemental
16372	Elemental Vambrace Mold	216	powater	npc_drop	elemental
21735	Emerald Colored Mephit Scales	216	powater	npc_drop	elemental
27268	Enormous Seascale	216	powater	npc_drop	elemental
16265	Essence of Water	216	powater	npc_drop	elemental
21738	Frog Skins	216	powater	npc_drop	elemental
21739	Frogs Feet	216	powater	npc_drop	elemental
22990	Gem Encrusted Axe	216	powater	npc_drop	elemental
21734	Gemmed Fin	216	powater	npc_drop	elemental
29132	Glyphed Rune Word	216	powater	npc_drop	elemental
26220	Hammer of Crushing Waves	216	powater	npc_drop	elemental
16258	Hope Stone	216	powater	npc_drop	elemental
21741	Hraquis Antennae	216	powater	npc_drop	elemental
21742	Hraquis Tail	216	powater	npc_drop	elemental
27272	Intricately Etched Seashell	216	powater	npc_drop	elemental
22946	Kelp Hilted Mace	216	powater	npc_drop	elemental
13634	Kelp-lined Mantle	216	powater	npc_drop	elemental
21746	Kraken Meat	216	powater	npc_drop	elemental
21744	Kraken Suction Cups	216	powater	npc_drop	elemental
21737	Large Mephit Fins	216	powater	npc_drop	elemental
27994	Lute of the Flowing Waters	216	powater	npc_drop	elemental
14961	Mail of Storms	216	powater	npc_drop	elemental
13657	Mantle of Seascales	216	powater	npc_drop	elemental
29744	Mephit Meat	216	powater	npc_drop	elemental
15876	Moss Covered Twine	216	powater	npc_drop	elemental
10654	Moss Encrusted Band	216	powater	npc_drop	elemental
24086	Ocean Ink	216	powater	npc_drop	elemental
19088	Oceanic Kelp Boots	216	powater	npc_drop	elemental
21740	Oil of a Frog	216	powater	npc_drop	elemental
20506	Opalescent Seascale	216	powater	npc_drop	elemental
26038	Opalescent Two-Handed Sword	216	powater	npc_drop	elemental
11420	Ornate Coral Armguards	216	powater	npc_drop	elemental
21749	Parasite Infected Crab Carapace	216	powater	npc_drop	elemental
20889	Pearlescent Gemstone	216	powater	npc_drop	elemental
10028	Peridot	216	powater	npc_drop	elemental
15813	Phosphorescent Kelp-lined Cloak	216	powater	npc_drop	elemental
11408	Phosphorescent Sleeves	216	powater	npc_drop	elemental
25986	Plankton Laced Greatsword	216	powater	npc_drop	elemental
30195	Primordial Driftwood Bow Staff	216	powater	npc_drop	elemental
20629	Putrid Chunk of Moss	216	powater	npc_drop	elemental
15981	Raw Diamond	216	powater	npc_drop	elemental
29777	Regrua Claws	216	powater	npc_drop	elemental
10945	Ring of Algae	216	powater	npc_drop	elemental
8788	Seascale Talisman	216	powater	npc_drop	elemental
16605	Seaweed Woven Leggings	216	powater	npc_drop	elemental
5791	Sharkbone Earring	216	powater	npc_drop	elemental
13694	Sharkbone Plated Shoulderpads	216	powater	npc_drop	elemental
21885	Sharkspine Club	216	powater	npc_drop	elemental
11426	Shellplated Armguards	216	powater	npc_drop	elemental
27318	Shield of Coral	216	powater	npc_drop	elemental
21732	Shimmering Fish Gills	216	powater	npc_drop	elemental
29984	Slarghilug Kelp Strands	216	powater	npc_drop	elemental
29498	Slarghilug Slime	216	powater	npc_drop	elemental
21736	Small Mephit Fins	216	powater	npc_drop	elemental
29514	Soapstone	216	powater	npc_drop	elemental
21733	Sparkling Fish Scales	216	powater	npc_drop	elemental
29131	Spectral Parchment	216	powater	npc_drop	elemental
16285	Strand of Ether	216	powater	npc_drop	elemental
15970	Tainted Planar Essence	216	powater	npc_drop	elemental
29774	Triloun Meat	216	powater	npc_drop	elemental
29522	Water Mephit Blood	216	powater	npc_drop	elemental
31596	Water Mephit Skin	216	powater	npc_drop	elemental
21743	Waterlogged Sash	216	powater	npc_drop	elemental
21761	A Flaming Head	217	pofire	npc_drop	elemental
28294	A Living Fragment of Fire	217	pofire	npc_drop	elemental
10240	Band of Elder Understanding	217	pofire	npc_drop	elemental
27167	Basalt Bulwark	217	pofire	npc_drop	elemental
21765	Black Nightmare Hide	217	pofire	npc_drop	elemental
20620	Black Rage of Flame	217	pofire	npc_drop	elemental
20507	Blackflame Sphere	217	pofire	npc_drop	elemental
27996	Blaring Horn of Fire	217	pofire	npc_drop	elemental
21758	Blistered Arachnid Legs	217	pofire	npc_drop	elemental
22503	Blue Diamond	217	pofire	npc_drop	elemental
11030	Bracer of Flickering Flames	217	pofire	npc_drop	elemental
16282	Brick of Ethereal Energy	217	pofire	npc_drop	elemental
29534	Brick of Molten Ore	217	pofire	npc_drop	elemental
9487	Burning Mask of Terror	217	pofire	npc_drop	elemental
21757	Burnt Silk	217	pofire	npc_drop	elemental
15814	Cape of Flames	217	pofire	npc_drop	elemental
27699	Charm of Defense	217	pofire	npc_drop	elemental
21756	Charred Arachnid Thorax	217	pofire	npc_drop	elemental
9960	Circle of Blue Flame	217	pofire	npc_drop	elemental
12082	Cloak of Combustion	217	pofire	npc_drop	elemental
12054	Cord of the Pyre	217	pofire	npc_drop	elemental
10037	Diamond	217	pofire	npc_drop	elemental
21760	Doomfire Cape	217	pofire	npc_drop	elemental
21759	Doomfire Sash	217	pofire	npc_drop	elemental
15864	Drape of the Agile	217	pofire	npc_drop	elemental
16679	Earring of Eternal Flame	217	pofire	npc_drop	elemental
16370	Elemental Boot Mold	217	pofire	npc_drop	elemental
16369	Elemental Bracer Mold	217	pofire	npc_drop	elemental
16368	Elemental Chain Boot Pattern	217	pofire	npc_drop	elemental
16365	Elemental Chain Bracelet Pattern	217	pofire	npc_drop	elemental
16362	Elemental Chain Coif Pattern	217	pofire	npc_drop	elemental
16366	Elemental Chain Glove Pattern	217	pofire	npc_drop	elemental
16367	Elemental Chain Pant Pattern	217	pofire	npc_drop	elemental
16364	Elemental Chain Sleeve Pattern	217	pofire	npc_drop	elemental
16374	Elemental Gauntlet Mold	217	pofire	npc_drop	elemental
16373	Elemental Greaves Mold	217	pofire	npc_drop	elemental
16371	Elemental Helm Mold	217	pofire	npc_drop	elemental
16382	Elemental Leather Boot Pattern	217	pofire	npc_drop	elemental
16380	Elemental Leather Glove Pattern	217	pofire	npc_drop	elemental
16376	Elemental Leather Helm Pattern	217	pofire	npc_drop	elemental
16381	Elemental Leather Pant Pattern	217	pofire	npc_drop	elemental
16378	Elemental Leather Sleeve Pattern	217	pofire	npc_drop	elemental
16379	Elemental Leather Wrist Pattern	217	pofire	npc_drop	elemental
16389	Elemental Silk Boot Pattern	217	pofire	npc_drop	elemental
16386	Elemental Silk Bracelet Pattern	217	pofire	npc_drop	elemental
16387	Elemental Silk Glove Pattern	217	pofire	npc_drop	elemental
16388	Elemental Silk Pant Pattern	217	pofire	npc_drop	elemental
16385	Elemental Silk Sleeve Pattern	217	pofire	npc_drop	elemental
16383	Elemental Silk Turban Pattern	217	pofire	npc_drop	elemental
16372	Elemental Vambrace Mold	217	pofire	npc_drop	elemental
16262	Essence of Fire	217	pofire	npc_drop	elemental
21767	Eternally Burning Embers	217	pofire	npc_drop	elemental
21770	Eye of Eternal Fire	217	pofire	npc_drop	elemental
20618	Fang of Flame	217	pofire	npc_drop	elemental
29993	Fiend Gut	217	pofire	npc_drop	elemental
21750	Fiery Granite	217	pofire	npc_drop	elemental
21754	Fiery Mephit Talons	217	pofire	npc_drop	elemental
26738	Fiery Staff of Zha	217	pofire	npc_drop	elemental
29981	Fire Arachnid Silk	217	pofire	npc_drop	elemental
11324	Fire Crested Rune	217	pofire	npc_drop	elemental
27648	Fire Marked Rune	217	pofire	npc_drop	elemental
29521	Fire Mephit Blood	217	pofire	npc_drop	elemental
31447	Fire Mephit Skin	217	pofire	npc_drop	elemental
21751	Fire-veined Stone	217	pofire	npc_drop	elemental
15870	Flame Buckled Belt	217	pofire	npc_drop	elemental
21768	Flame Encased Feather	217	pofire	npc_drop	elemental
21755	Flame Encased Mephit Wing	217	pofire	npc_drop	elemental
15803	Flame Gilded Cloak	217	pofire	npc_drop	elemental
26798	Flame Idol of Ro	217	pofire	npc_drop	elemental
12510	Gleaming Mesh Girdle	217	pofire	npc_drop	elemental
29132	Glyphed Rune Word	217	pofire	npc_drop	elemental
12592	Great Mask of Flame	217	pofire	npc_drop	elemental
21771	Green, Glowing Eye	217	pofire	npc_drop	elemental
16258	Hope Stone	217	pofire	npc_drop	elemental
21772	Horn of the Fiend	217	pofire	npc_drop	elemental
24602	Ifir, Dagger of Fire	217	pofire	npc_drop	elemental
14943	Immaculate Vest of the Fire Tyrant	217	pofire	npc_drop	elemental
21773	Incisor of the Fiend	217	pofire	npc_drop	elemental
20439	Ivory Candle Skull	217	pofire	npc_drop	elemental
21898	Knight's Gleaming Mace	217	pofire	npc_drop	elemental
9479	Lava Forged Face Guard	217	pofire	npc_drop	elemental
21752	Magma Crystals	217	pofire	npc_drop	elemental
11026	Manacle of the Wise	217	pofire	npc_drop	elemental
13644	Mantle of Flame Wisdom	217	pofire	npc_drop	elemental
9462	Mask of the Insightful	217	pofire	npc_drop	elemental
21753	Mephit Eyes	217	pofire	npc_drop	elemental
29744	Mephit Meat	217	pofire	npc_drop	elemental
21764	Metallic Substance	217	pofire	npc_drop	elemental
21766	Molten Nightmare Hoof	217	pofire	npc_drop	elemental
7767	Necklace of Reflected Flames	217	pofire	npc_drop	elemental
23494	Obsidian Battle Sword	217	pofire	npc_drop	elemental
30192	Obsidianwood Bow Staff	217	pofire	npc_drop	elemental
29495	Obsidianwood Sap	217	pofire	npc_drop	elemental
21769	Orb of Eternal Flame	217	pofire	npc_drop	elemental
25981	Ornate Greatblade	217	pofire	npc_drop	elemental
10028	Peridot	217	pofire	npc_drop	elemental
9320	Phoenix Claw Talisman	217	pofire	npc_drop	elemental
29746	Phoenix Egg	217	pofire	npc_drop	elemental
24082	Phosphorous Powder	217	pofire	npc_drop	elemental
21762	Potion of Molten Lava	217	pofire	npc_drop	elemental
15981	Raw Diamond	217	pofire	npc_drop	elemental
19094	Sable Shoes of Flame	217	pofire	npc_drop	elemental
24796	Savage Platinum Fists	217	pofire	npc_drop	elemental
11323	Shimmering Sleeves of Flame	217	pofire	npc_drop	elemental
13654	Shining Crimson Shawl	217	pofire	npc_drop	elemental
6510	Silver Flame Bauble	217	pofire	npc_drop	elemental
21763	Solidified Magma	217	pofire	npc_drop	elemental
24589	Spear of Fire	217	pofire	npc_drop	elemental
29131	Spectral Parchment	217	pofire	npc_drop	elemental
24789	Staff of Eternal Flames	217	pofire	npc_drop	elemental
16285	Strand of Ether	217	pofire	npc_drop	elemental
15970	Tainted Planar Essence	217	pofire	npc_drop	elemental
21720	A Ball of Elemental Clay	218	poeartha	npc_drop	elemental
28636	A Gem-Etched Key	218	poeartha	npc_drop	elemental
21718	A Large Root	218	poeartha	npc_drop	elemental
28295	A Living Fragment of Earth	218	poeartha	npc_drop	elemental
27290	Aegis of the Earth	218	poeartha	npc_drop	elemental
21721	An Elemental Stone	218	poeartha	npc_drop	elemental
21723	Armadillo Carapace	218	poeartha	npc_drop	elemental
20505	Ball of Golem Clay	218	poeartha	npc_drop	elemental
21710	Blood Red Gem	218	poeartha	npc_drop	elemental
22503	Blue Diamond	218	poeartha	npc_drop	elemental
20453	Bone Sliver Ornament	218	poeartha	npc_drop	elemental
11103	Bracers of Earthen Energy	218	poeartha	npc_drop	elemental
16282	Brick of Ethereal Energy	218	poeartha	npc_drop	elemental
29536	Brick of Immaculate Steel	218	poeartha	npc_drop	elemental
21722	Charred Earth	218	poeartha	npc_drop	elemental
21708	Chips of Granite	218	poeartha	npc_drop	elemental
21728	Chunk of Compressed Earth	218	poeartha	npc_drop	elemental
27106	Circular Crystalline Formation	218	poeartha	npc_drop	elemental
11096	Clay Bracers of the Golem	218	poeartha	npc_drop	elemental
15827	Cloak of Earthen Twine	218	poeartha	npc_drop	elemental
15840	Cloak of Flickering Flame	218	poeartha	npc_drop	elemental
22896	Club of Slime	218	poeartha	npc_drop	elemental
26659	Crocodile Toe	218	poeartha	npc_drop	elemental
21726	Crystalline Shard	218	poeartha	npc_drop	elemental
21731	Crystallized Mephit Horn	218	poeartha	npc_drop	elemental
10037	Diamond	218	poeartha	npc_drop	elemental
21724	Dirt Clod	218	poeartha	npc_drop	elemental
21711	Dirt Covered Frogskin	218	poeartha	npc_drop	elemental
3223	Earring of Living Earth	218	poeartha	npc_drop	elemental
29982	Earth Arborean Fibers	218	poeartha	npc_drop	elemental
29523	Earth Mephit Blood	218	poeartha	npc_drop	elemental
31448	Earth Mephit Skin	218	poeartha	npc_drop	elemental
22877	Earthen Fist	218	poeartha	npc_drop	elemental
10249	Earthtoned Band	218	poeartha	npc_drop	elemental
16369	Elemental Bracer Mold	218	poeartha	npc_drop	elemental
16365	Elemental Chain Bracelet Pattern	218	poeartha	npc_drop	elemental
16379	Elemental Leather Wrist Pattern	218	poeartha	npc_drop	elemental
16386	Elemental Silk Bracelet Pattern	218	poeartha	npc_drop	elemental
26658	Emerald Crocodile Scale	218	poeartha	npc_drop	elemental
26657	Enormous Croc Tooth	218	poeartha	npc_drop	elemental
26869	Ent Leaf	218	poeartha	npc_drop	elemental
8780	Entropy Pendant	218	poeartha	npc_drop	elemental
10230	Entwined Ring of the Ent	218	poeartha	npc_drop	elemental
25695	Entwood Earring	218	poeartha	npc_drop	elemental
16264	Essence of Mud	218	poeartha	npc_drop	elemental
19144	Flowing Moss Mantle	218	poeartha	npc_drop	elemental
16154	Girdle of Earthen Stability	218	poeartha	npc_drop	elemental
20619	Glowing Chunk of Molten Earth	218	poeartha	npc_drop	elemental
29132	Glyphed Rune Word	218	poeartha	npc_drop	elemental
21725	Grain of Living Earth	218	poeartha	npc_drop	elemental
26049	Great Lance of Stone	218	poeartha	npc_drop	elemental
21714	Hand Shaped Rock	218	poeartha	npc_drop	elemental
16258	Hope Stone	218	poeartha	npc_drop	elemental
21707	Large Chunk of Clay	218	poeartha	npc_drop	elemental
27295	Large Chunk of Ent Bark	218	poeartha	npc_drop	elemental
21719	Leaf Encrusted Branch	218	poeartha	npc_drop	elemental
16637	Leaf-jointed Cloak	218	poeartha	npc_drop	elemental
21705	Liquefied Earth	218	poeartha	npc_drop	elemental
26743	Liquified Orb	218	poeartha	npc_drop	elemental
21703	Magical Bark	218	poeartha	npc_drop	elemental
21702	Magically Enforced Branch	218	poeartha	npc_drop	elemental
11018	Manacle of Disruption	218	poeartha	npc_drop	elemental
21709	Marbled Rock Formation	218	poeartha	npc_drop	elemental
29744	Mephit Meat	218	poeartha	npc_drop	elemental
21729	Mephit Wings	218	poeartha	npc_drop	elemental
21706	Mud Covered Stones	218	poeartha	npc_drop	elemental
21716	Odd Shaped Stone Formation	218	poeartha	npc_drop	elemental
21727	Oddly Shaped Crystal Formation	218	poeartha	npc_drop	elemental
10028	Peridot	218	poeartha	npc_drop	elemental
21704	Pile of Woodchips	218	poeartha	npc_drop	elemental
21712	Poisonous Frog Venom	218	poeartha	npc_drop	elemental
9442	Precious Gemstone Adorned Mask	218	poeartha	npc_drop	elemental
9490	Primal Mask of the Earthcrafter	218	poeartha	npc_drop	elemental
15981	Raw Diamond	218	poeartha	npc_drop	elemental
7129	Rock Adorned Stud	218	poeartha	npc_drop	elemental
21717	Root Entwined Chunk of Dirt	218	poeartha	npc_drop	elemental
24643	Sharp Gem Formation	218	poeartha	npc_drop	elemental
21730	Shattered Crystal	218	poeartha	npc_drop	elemental
15822	Shroud of the Stonecrafter	218	poeartha	npc_drop	elemental
29131	Spectral Parchment	218	poeartha	npc_drop	elemental
13767	Spiked Skull Shoulderpads	218	poeartha	npc_drop	elemental
20454	Stone Etched Mallet	218	poeartha	npc_drop	elemental
25983	Stone Etched War Sword	218	poeartha	npc_drop	elemental
30193	Stonewood Bow Staff	218	poeartha	npc_drop	elemental
29496	Stonewood Sap	218	poeartha	npc_drop	elemental
16285	Strand of Ether	218	poeartha	npc_drop	elemental
15970	Tainted Planar Essence	218	poeartha	npc_drop	elemental
21715	Tooth Shaped Rock	218	poeartha	npc_drop	elemental
24089	Twilight Worms	218	poeartha	npc_drop	elemental
30074	Vegerog Vine	218	poeartha	npc_drop	elemental
21713	Venom Saturated Earth	218	poeartha	npc_drop	elemental
27998	War Drums of the Rathe	218	poeartha	npc_drop	elemental
22980	Whip of the Earthcrafter	218	poeartha	npc_drop	elemental
11054	Wristband of the Rathe	218	poeartha	npc_drop	elemental
21720	A Ball of Elemental Clay	222	poearthb	npc_drop	elemental
21718	A Large Root	222	poearthb	npc_drop	elemental
28295	A Living Fragment of Earth	222	poearthb	npc_drop	elemental
21721	An Elemental Stone	222	poearthb	npc_drop	elemental
16158	Bands of Earthen Energy	222	poearthb	npc_drop	elemental
22503	Blue Diamond	222	poearthb	npc_drop	elemental
16282	Brick of Ethereal Energy	222	poearthb	npc_drop	elemental
29536	Brick of Immaculate Steel	222	poearthb	npc_drop	elemental
21722	Charred Earth	222	poearthb	npc_drop	elemental
15002	Chestguard of Enchanted Marble	222	poearthb	npc_drop	elemental
22972	Clawed Earthcrafter's Hoop	222	poearthb	npc_drop	elemental
21731	Crystallized Mephit Horn	222	poearthb	npc_drop	elemental
21875	Cudgel of Glowing Clay	222	poearthb	npc_drop	elemental
10037	Diamond	222	poearthb	npc_drop	elemental
29523	Earth Mephit Blood	222	poearthb	npc_drop	elemental
31448	Earth Mephit Skin	222	poearthb	npc_drop	elemental
20621	Earthen Bile	222	poearthb	npc_drop	elemental
24879	Earthspined Staff	222	poearthb	npc_drop	elemental
16370	Elemental Boot Mold	222	poearthb	npc_drop	elemental
16368	Elemental Chain Boot Pattern	222	poearthb	npc_drop	elemental
16362	Elemental Chain Coif Pattern	222	poearthb	npc_drop	elemental
16366	Elemental Chain Glove Pattern	222	poearthb	npc_drop	elemental
16367	Elemental Chain Pant Pattern	222	poearthb	npc_drop	elemental
16364	Elemental Chain Sleeve Pattern	222	poearthb	npc_drop	elemental
16374	Elemental Gauntlet Mold	222	poearthb	npc_drop	elemental
16373	Elemental Greaves Mold	222	poearthb	npc_drop	elemental
16371	Elemental Helm Mold	222	poearthb	npc_drop	elemental
16382	Elemental Leather Boot Pattern	222	poearthb	npc_drop	elemental
16380	Elemental Leather Glove Pattern	222	poearthb	npc_drop	elemental
16376	Elemental Leather Helm Pattern	222	poearthb	npc_drop	elemental
16381	Elemental Leather Pant Pattern	222	poearthb	npc_drop	elemental
16378	Elemental Leather Sleeve Pattern	222	poearthb	npc_drop	elemental
16389	Elemental Silk Boot Pattern	222	poearthb	npc_drop	elemental
16387	Elemental Silk Glove Pattern	222	poearthb	npc_drop	elemental
16388	Elemental Silk Pant Pattern	222	poearthb	npc_drop	elemental
16385	Elemental Silk Sleeve Pattern	222	poearthb	npc_drop	elemental
16383	Elemental Silk Turban Pattern	222	poearthb	npc_drop	elemental
16372	Elemental Vambrace Mold	222	poearthb	npc_drop	elemental
32111	Essence of Earth	222	poearthb	npc_drop	elemental
29132	Glyphed Rune Word	222	poearthb	npc_drop	elemental
21714	Hand Shaped Rock	222	poearthb	npc_drop	elemental
16258	Hope Stone	222	poearthb	npc_drop	elemental
29770	Jord Meat	222	poearthb	npc_drop	elemental
21707	Large Chunk of Clay	222	poearthb	npc_drop	elemental
21719	Leaf Encrusted Branch	222	poearthb	npc_drop	elemental
11402	Leaf-twined Guards	222	poearthb	npc_drop	elemental
21705	Liquefied Earth	222	poearthb	npc_drop	elemental
29744	Mephit Meat	222	poearthb	npc_drop	elemental
21729	Mephit Wings	222	poearthb	npc_drop	elemental
21706	Mud Covered Stones	222	poearthb	npc_drop	elemental
21716	Odd Shaped Stone Formation	222	poearthb	npc_drop	elemental
10028	Peridot	222	poearthb	npc_drop	elemental
15981	Raw Diamond	222	poearthb	npc_drop	elemental
24695	Reinforced Mephit Talon	222	poearthb	npc_drop	elemental
10137	Ring of Flowing Stones	222	poearthb	npc_drop	elemental
21717	Root Entwined Chunk of Dirt	222	poearthb	npc_drop	elemental
21730	Shattered Crystal	222	poearthb	npc_drop	elemental
29131	Spectral Parchment	222	poearthb	npc_drop	elemental
16285	Strand of Ether	222	poearthb	npc_drop	elemental
24585	Sword of Primordial Power	222	poearthb	npc_drop	elemental
15970	Tainted Planar Essence	222	poearthb	npc_drop	elemental
21715	Tooth Shaped Rock	222	poearthb	npc_drop	elemental
24089	Twilight Worms	222	poearthb	npc_drop	elemental
8781	Twisted Twig Charm	222	poearthb	npc_drop	elemental
30074	Vegerog Vine	222	poearthb	npc_drop	elemental
24586	Akkapans Tear	200	codecay	npc_drop	pre-elemental
10788	An Old Silver Coin	200	codecay	ground_spawn	pre-elemental
24092	Autumn Crocus	200	codecay	npc_drop	pre-elemental
10421	Band of Flayed Flesh	200	codecay	npc_drop	pre-elemental
11100	Beaten Flesh Bracer	200	codecay	npc_drop	pre-elemental
15879	Belt of Dripping Bile	200	codecay	npc_drop	pre-elemental
24620	Bile Drenched Main-gauche	200	codecay	npc_drop	pre-elemental
19090	Bile Soaked Shoes	200	codecay	npc_drop	pre-elemental
25227	Black Handled Bonebreaker	200	codecay	npc_drop	pre-elemental
9478	Blazing Eye Skull Mask	200	codecay	npc_drop	pre-elemental
24099	Blood Defiance	200	codecay	npc_drop	pre-elemental
22503	Blue Diamond	200	codecay	npc_drop	pre-elemental
27643	Bone Carved Shortbow	200	codecay	npc_drop	pre-elemental
13073	Bone Chips	200	codecay	npc_drop	pre-elemental
24787	Boneshod Greatstaff	200	codecay	npc_drop	pre-elemental
16282	Brick of Ethereal Energy	200	codecay	npc_drop	pre-elemental
9493	Bubonian Bandage Turban	200	codecay	npc_drop	pre-elemental
29346	Bubonian Blood	200	codecay	npc_drop	pre-elemental
29979	Bubonian Claws	200	codecay	npc_drop	pre-elemental
29978	Bubonian Head	200	codecay	npc_drop	pre-elemental
13688	Chitin Shoulders of Decay	200	codecay	npc_drop	pre-elemental
10241	Circle of Rotting Flesh	200	codecay	npc_drop	pre-elemental
10236	Circled Toe Bones	200	codecay	npc_drop	pre-elemental
13677	Corpse Shroud Shawl	200	codecay	npc_drop	pre-elemental
24790	Corpsegrinder	200	codecay	npc_drop	pre-elemental
25982	Darwols Cleaver	200	codecay	npc_drop	pre-elemental
29972	Deathbone Mask	200	codecay	npc_drop	pre-elemental
16613	Decayed Chain Links	200	codecay	npc_drop	pre-elemental
19079	Decayed Shoes of the Plaguebringer	200	codecay	npc_drop	pre-elemental
29974	Decaying Fleshy Orb	200	codecay	npc_drop	pre-elemental
29976	Decaying Skeletal Shard	200	codecay	npc_drop	pre-elemental
10037	Diamond	200	codecay	npc_drop	pre-elemental
29973	Disease Encapsulated Shard	200	codecay	npc_drop	pre-elemental
29971	Disease Ridden Scalp	200	codecay	npc_drop	pre-elemental
29980	Diseased Bubonian Tooth	200	codecay	npc_drop	pre-elemental
9595	Diseased Skullcase	200	codecay	npc_drop	pre-elemental
13653	Drape of Wings	200	codecay	npc_drop	pre-elemental
24084	Dust of Decay	200	codecay	npc_drop	pre-elemental
29112	Ethereal Parchment	200	codecay	npc_drop	pre-elemental
7132	Festering Earlobe	200	codecay	npc_drop	pre-elemental
29969	Fetid Chunk of Flesh	200	codecay	npc_drop	pre-elemental
15810	Fetid Hide Drape	200	codecay	npc_drop	pre-elemental
29970	Foul Smelling Liquid	200	codecay	npc_drop	pre-elemental
21872	Green Fist of Death	200	codecay	npc_drop	pre-elemental
27938	Innard Strung Bone Bow	200	codecay	npc_drop	pre-elemental
26079	Kavilis Mosquito Lance	200	codecay	npc_drop	pre-elemental
10628	Large Muddy Sandals	200	codecay	ground_spawn	pre-elemental
29487	Lepertoloth Bone Segment	200	codecay	npc_drop	pre-elemental
22881	Mace of the Fallen Crusader	200	codecay	npc_drop	pre-elemental
22970	Meedos Glaive of Terror	200	codecay	npc_drop	pre-elemental
24094	Nodding Blue Lily	200	codecay	npc_drop	pre-elemental
29975	Parchment of Flesh	200	codecay	npc_drop	pre-elemental
10028	Peridot	200	codecay	npc_drop	pre-elemental
16099	Putrid Belt of Rotten Hide	200	codecay	npc_drop	pre-elemental
20897	Putrid Eye of the Possessed	200	codecay	npc_drop	pre-elemental
29977	Putrid Vial of Fluid	200	codecay	npc_drop	pre-elemental
9469	Radiant Mask of the Disease Lord	200	codecay	npc_drop	pre-elemental
15981	Raw Diamond	200	codecay	npc_drop	pre-elemental
10200	Ring of Bone	200	codecay	npc_drop	pre-elemental
9486	Rotting Eye Mask	200	codecay	npc_drop	pre-elemental
16160	Rotting Flesh Kilt	200	codecay	npc_drop	pre-elemental
15839	Rotting Hide Cape	200	codecay	npc_drop	pre-elemental
24783	Rotting Roaring Lion	200	codecay	npc_drop	pre-elemental
24634	Runebladed Dagger	200	codecay	npc_drop	pre-elemental
19085	Sepultura Sandals	200	codecay	npc_drop	pre-elemental
5597	Skull Charm	200	codecay	npc_drop	pre-elemental
11899	Soft Tooled Gloves	200	codecay	npc_drop	pre-elemental
29131	Spectral Parchment	200	codecay	npc_drop	pre-elemental
21880	Spiked Skull Mace	200	codecay	npc_drop	pre-elemental
8779	Stitched Flesh Necklace	200	codecay	npc_drop	pre-elemental
16575	Stitched Hide Pants of Fallen Foes	200	codecay	npc_drop	pre-elemental
16285	Strand of Ether	200	codecay	npc_drop	pre-elemental
32065	Symbol of Ducee Fideson	200	codecay	npc_drop	pre-elemental
26865	Symbol of the Plaguebringer	200	codecay	npc_drop	pre-elemental
15970	Tainted Planar Essence	200	codecay	npc_drop	pre-elemental
24596	The Putrid Fish	200	codecay	npc_drop	pre-elemental
21866	The Rotting Fist	200	codecay	npc_drop	pre-elemental
21893	Torch of Lxvanvom	200	codecay	npc_drop	pre-elemental
11877	Translucent Skin Gloves	200	codecay	npc_drop	pre-elemental
26083	Two Tined Corpse Pitchfork	200	codecay	npc_drop	pre-elemental
9466	Veil of Bile	200	codecay	npc_drop	pre-elemental
20628	Wicked Bone Atlatl	200	codecay	npc_drop	pre-elemental
7774	Worm Eaten Skull Charm	200	codecay	npc_drop	pre-elemental
8771	Woven Knucklebone Choker	200	codecay	npc_drop	pre-elemental
21345	Xhuts Talisman	200	codecay	npc_drop	pre-elemental
21954	Alkaline Etched Stone	201	pojustice	npc_drop	pre-elemental
9576	Attorney's Circlet of Station	201	pojustice	npc_drop	pre-elemental
16639	Bailiff's Greaves	201	pojustice	npc_drop	pre-elemental
19146	Bailiff's Plate Boots	201	pojustice	npc_drop	pre-elemental
22895	Baton of the Peacekeeper	201	pojustice	npc_drop	pre-elemental
21899	Bed Leg Club	201	pojustice	npc_drop	pre-elemental
15868	Belt of Woven Blanket Remains	201	pojustice	npc_drop	pre-elemental
22503	Blue Diamond	201	pojustice	npc_drop	pre-elemental
21953	Carved Inlaid Box	201	pojustice	npc_drop	pre-elemental
21943	Carved Pipe	201	pojustice	npc_drop	pre-elemental
21950	Ceremonial Baton	201	pojustice	npc_drop	pre-elemental
14046	Chain Links of the Hunted	201	pojustice	npc_drop	pre-elemental
11056	Chains of the Accused	201	pojustice	npc_drop	pre-elemental
23493	Claymore of the Righteous	201	pojustice	npc_drop	pre-elemental
26032	Cleaver of Vengence	201	pojustice	npc_drop	pre-elemental
16568	Confiscated Buckskin Pants	201	pojustice	npc_drop	pre-elemental
11410	Cordwound Sleeves	201	pojustice	npc_drop	pre-elemental
9582	Cowl of the Convicted	201	pojustice	npc_drop	pre-elemental
21957	Crystallized Cloudy Eye	201	pojustice	npc_drop	pre-elemental
10037	Diamond	201	pojustice	npc_drop	pre-elemental
32239	Enforcer Stone	201	pojustice	npc_drop	pre-elemental
29112	Ethereal Parchment	201	pojustice	npc_drop	pre-elemental
25996	Faith Wrought Two Handed Sword	201	pojustice	npc_drop	pre-elemental
24574	Falchion of Flowing Water	201	pojustice	npc_drop	pre-elemental
12098	Fine Steel Guardian Gauntlets	201	pojustice	npc_drop	pre-elemental
21798	Gavel of Justice	201	pojustice	npc_drop	pre-elemental
21947	Gem Crusted Ring	201	pojustice	npc_drop	pre-elemental
21949	Gleaming Tourmaline	201	pojustice	npc_drop	pre-elemental
21952	Gleaming Worn Coin	201	pojustice	npc_drop	pre-elemental
21938	Glittering Ring	201	pojustice	npc_drop	pre-elemental
21959	Glowing Chitin	201	pojustice	npc_drop	pre-elemental
8367	Golden Charm of the Hopeful	201	pojustice	npc_drop	pre-elemental
21940	Golden Cup	201	pojustice	npc_drop	pre-elemental
32240	Grallok Quartz	201	pojustice	npc_drop	pre-elemental
24782	Great Staff of Mourning	201	pojustice	npc_drop	pre-elemental
20613	Greater Truthstone	201	pojustice	npc_drop	pre-elemental
15874	Hammer Buckled Cordwound Belt	201	pojustice	npc_drop	pre-elemental
11403	Hammer Emblazoned Sleeves	201	pojustice	npc_drop	pre-elemental
9952	Hammer Signet Ring	201	pojustice	npc_drop	pre-elemental
15792	Hammer Stitched Cloak	201	pojustice	npc_drop	pre-elemental
15929	Headsmans Hoop	201	pojustice	npc_drop	pre-elemental
15829	Justice Cape	201	pojustice	npc_drop	pre-elemental
24592	Knife of Justice	201	pojustice	npc_drop	pre-elemental
5038	Leather Whip	201	pojustice	npc_drop	pre-elemental
16569	Leggings of the Truthspeaker	201	pojustice	npc_drop	pre-elemental
13680	Mantle of the Accused	201	pojustice	npc_drop	pre-elemental
31842	Mark of Execution	201	pojustice	npc_drop	pre-elemental
31796	Mark of Flame	201	pojustice	npc_drop	pre-elemental
31960	Mark of Lashing	201	pojustice	npc_drop	pre-elemental
31845	Mark of Stone	201	pojustice	npc_drop	pre-elemental
31846	Mark of Suffocation	201	pojustice	npc_drop	pre-elemental
31844	Mark of Torture	201	pojustice	npc_drop	pre-elemental
9323	Mask of Contemplation	201	pojustice	npc_drop	pre-elemental
9439	Mask of the Witness	201	pojustice	npc_drop	pre-elemental
9594	Massive Flameguard Helm	201	pojustice	npc_drop	pre-elemental
21951	Multifaceted Reflective Rock	201	pojustice	npc_drop	pre-elemental
21797	Onyx Gavel	201	pojustice	npc_drop	pre-elemental
21889	Ornate Sceptre	201	pojustice	npc_drop	pre-elemental
28776	Page 11 of Dark Power	201	pojustice	npc_drop	pre-elemental
28777	Page 13 of Dark Power	201	pojustice	npc_drop	pre-elemental
28778	Page 17 of Dark Power	201	pojustice	npc_drop	pre-elemental
28779	Page 19 of Dark Power	201	pojustice	npc_drop	pre-elemental
28772	Page 2 of Dark Power	201	pojustice	npc_drop	pre-elemental
28773	Page 3 of Dark Power	201	pojustice	npc_drop	pre-elemental
28774	Page 5 of Dark Power	201	pojustice	npc_drop	pre-elemental
28775	Page 7 of Dark Power	201	pojustice	npc_drop	pre-elemental
13649	Pauldrons of Witness	201	pojustice	npc_drop	pre-elemental
10028	Peridot	201	pojustice	npc_drop	pre-elemental
27291	Plated Shield	201	pojustice	npc_drop	pre-elemental
21942	Platinum Spoon	201	pojustice	npc_drop	pre-elemental
21945	Polished Key Ring	201	pojustice	npc_drop	pre-elemental
21937	Porcelain Bowl	201	pojustice	npc_drop	pre-elemental
8789	Precious Cameo Pendant	201	pojustice	npc_drop	pre-elemental
21956	Precious Worm Ring	201	pojustice	npc_drop	pre-elemental
12055	Prisoner Crafted Digging Gloves	201	pojustice	npc_drop	pre-elemental
21493	Pulsing Beetle Brain	201	pojustice	npc_drop	pre-elemental
15981	Raw Diamond	201	pojustice	npc_drop	pre-elemental
21958	Razor Mandible	201	pojustice	npc_drop	pre-elemental
19096	Resplendent Scalemail Boots	201	pojustice	npc_drop	pre-elemental
14963	Rigid Beetle Carapace	201	pojustice	npc_drop	pre-elemental
10381	Ring of Woe	201	pojustice	npc_drop	pre-elemental
19083	Sandals of the Last Walk	201	pojustice	npc_drop	pre-elemental
10245	Scale Emblazoned Ring	201	pojustice	npc_drop	pre-elemental
13660	Sentinel's Shoulder Plates	201	pojustice	npc_drop	pre-elemental
5596	Silver Hammer Earring	201	pojustice	npc_drop	pre-elemental
21936	Silvery Spoon	201	pojustice	npc_drop	pre-elemental
21955	Small Jewel	201	pojustice	npc_drop	pre-elemental
21946	Small Ornate Knife	201	pojustice	npc_drop	pre-elemental
21944	Sparkling Charm	201	pojustice	npc_drop	pre-elemental
29131	Spectral Parchment	201	pojustice	npc_drop	pre-elemental
24794	Staff of the Peacekeeper	201	pojustice	npc_drop	pre-elemental
27816	Steel Centered Great Bow	201	pojustice	npc_drop	pre-elemental
21948	Sterling Key Chain	201	pojustice	npc_drop	pre-elemental
27198	Stout Bulwark	201	pojustice	npc_drop	pre-elemental
11097	Stout Plate Manacles	201	pojustice	npc_drop	pre-elemental
21941	Tattered Fancy Cards	201	pojustice	npc_drop	pre-elemental
28277	Tiny Bottle and Note	201	pojustice	npc_drop	pre-elemental
24697	Tribunal Loyalists Spear	201	pojustice	npc_drop	pre-elemental
22891	Troubadour's Mace	201	pojustice	npc_drop	pre-elemental
27937	True Bow of Balance	201	pojustice	npc_drop	pre-elemental
11421	Twice Forged Arm Guards	201	pojustice	npc_drop	pre-elemental
9445	Veil of the Accused	201	pojustice	npc_drop	pre-elemental
9322	Veil of the Executioner	201	pojustice	npc_drop	pre-elemental
23499	Vengeful Diamond Blade	201	pojustice	npc_drop	pre-elemental
10244	Virtue Engraved Band	201	pojustice	npc_drop	pre-elemental
27297	Warden's Buckler	201	pojustice	npc_drop	pre-elemental
25847	Weighty Polearm	201	pojustice	npc_drop	pre-elemental
21939	Worn Coin	201	pojustice	npc_drop	pre-elemental
26792	Writ of Wisdom	201	pojustice	npc_drop	pre-elemental
10175	Robe of Discord	202	poknowledge	npc_drop	pre-elemental
11028	Staff of Discord	202	poknowledge	npc_drop	pre-elemental
11422	Arm Guards of Midnight	204	ponightmare	npc_drop	pre-elemental
26039	Black Bastardsword	204	ponightmare	npc_drop	pre-elemental
19145	Black Buckled Boots	204	ponightmare	npc_drop	pre-elemental
9575	Black Silk Cap	204	ponightmare	npc_drop	pre-elemental
16157	Black Silk Trousers	204	ponightmare	npc_drop	pre-elemental
11329	Black Sleeves of Night	204	ponightmare	npc_drop	pre-elemental
25991	Blackend Greatsword	204	ponightmare	npc_drop	pre-elemental
16663	Blackened Metal Greaves	204	ponightmare	npc_drop	pre-elemental
9465	Blackened Thinmetal Visage	204	ponightmare	npc_drop	pre-elemental
26689	Bloated Minnow Eye	204	ponightmare	npc_drop	pre-elemental
26681	Blood Encrusted Feather	204	ponightmare	npc_drop	pre-elemental
29750	Blood Raven Parts	204	ponightmare	npc_drop	pre-elemental
22503	Blue Diamond	204	ponightmare	npc_drop	pre-elemental
13073	Bone Chips	204	ponightmare	npc_drop	pre-elemental
29538	Brick of Nightmare Iron	204	ponightmare	npc_drop	pre-elemental
26685	Broken Hardwood Branch	204	ponightmare	npc_drop	pre-elemental
24593	Calamitous Hilted Fang	204	ponightmare	npc_drop	pre-elemental
15845	Cloak of Daggers	204	ponightmare	npc_drop	pre-elemental
26664	Coarse Fur Clump	204	ponightmare	npc_drop	pre-elemental
28282	Congealed Bile-based Ooze	204	ponightmare	npc_drop	pre-elemental
26659	Crocodile Toe	204	ponightmare	npc_drop	pre-elemental
26667	Curled Claw	204	ponightmare	npc_drop	pre-elemental
22964	Curved Claws	204	ponightmare	npc_drop	pre-elemental
9258	Dagger Blade Shard	204	ponightmare	npc_drop	pre-elemental
20895	Decaying Bone Idol	204	ponightmare	npc_drop	pre-elemental
11415	Deteriorated Arm Links	204	ponightmare	npc_drop	pre-elemental
10037	Diamond	204	ponightmare	npc_drop	pre-elemental
22983	Disemboweler	204	ponightmare	npc_drop	pre-elemental
24084	Dust of Decay	204	ponightmare	npc_drop	pre-elemental
5742	Earring of Twisted Visions	204	ponightmare	npc_drop	pre-elemental
11423	Elbow Spiked Arm Plates	204	ponightmare	npc_drop	pre-elemental
15882	Embroidered Black Sash	204	ponightmare	npc_drop	pre-elemental
11897	Embroidered Gloves	204	ponightmare	npc_drop	pre-elemental
26658	Emerald Crocodile Scale	204	ponightmare	npc_drop	pre-elemental
26676	Enameled Gargoyle Eye	204	ponightmare	npc_drop	pre-elemental
26657	Enormous Croc Tooth	204	ponightmare	npc_drop	pre-elemental
29112	Ethereal Parchment	204	ponightmare	npc_drop	pre-elemental
29527	Fetid Slime	204	ponightmare	npc_drop	pre-elemental
7017	Fishing Spear	204	ponightmare	npc_drop	pre-elemental
26677	Flake of Gold Leaf	204	ponightmare	npc_drop	pre-elemental
11032	Flame Engraved Torque	204	ponightmare	npc_drop	pre-elemental
26660	Globe of Darkness	204	ponightmare	npc_drop	pre-elemental
26684	Glowing Leaf	204	ponightmare	npc_drop	pre-elemental
10400	Greater Lightstone	204	ponightmare	npc_drop	pre-elemental
14924	Green Hide Vest	204	ponightmare	npc_drop	pre-elemental
26674	Grotesque Nose Ring	204	ponightmare	npc_drop	pre-elemental
28801	Heart of Vhaksiz	204	ponightmare	npc_drop	pre-elemental
19147	Heavy Spiked War Boots	204	ponightmare	npc_drop	pre-elemental
29752	Hobgoblin Meat	204	ponightmare	npc_drop	pre-elemental
15830	Hooded Shroud	204	ponightmare	npc_drop	pre-elemental
13687	Horn Spiked Shoulder Plates	204	ponightmare	npc_drop	pre-elemental
26672	Horror Trinket	204	ponightmare	npc_drop	pre-elemental
26653	Hourglass Emblazoned Chitin	204	ponightmare	npc_drop	pre-elemental
6470	Iron Scream Earring	204	ponightmare	npc_drop	pre-elemental
26663	Ivory Canine	204	ponightmare	npc_drop	pre-elemental
9319	Ivory Claw Necklace	204	ponightmare	npc_drop	pre-elemental
14048	Knotted Satin Shirt	204	ponightmare	npc_drop	pre-elemental
12083	Leaf Scale Gloves	204	ponightmare	npc_drop	pre-elemental
26671	Leathery Wing Membrane	204	ponightmare	npc_drop	pre-elemental
26661	Lock of Banshee Hair	204	ponightmare	npc_drop	pre-elemental
28710	Lock of Tangled Banshee Hair	204	ponightmare	npc_drop	pre-elemental
26665	Lujein Claw	204	ponightmare	npc_drop	pre-elemental
26652	Luminous Spider Eye	204	ponightmare	npc_drop	pre-elemental
29744	Mephit Meat	204	ponightmare	npc_drop	pre-elemental
9587	Metal Linked Crown	204	ponightmare	npc_drop	pre-elemental
26679	Midnight Stone	204	ponightmare	npc_drop	pre-elemental
26688	Minnow Brain	204	ponightmare	npc_drop	pre-elemental
29299	Nettling Wraith Stinger	204	ponightmare	npc_drop	pre-elemental
29985	Nightmare Arachnid Silk	204	ponightmare	npc_drop	pre-elemental
28709	Nightmare Hoof	204	ponightmare	npc_drop	pre-elemental
29525	Nightmare Mephit Blood	204	ponightmare	npc_drop	pre-elemental
29228	Nightmare Mephit Heart	204	ponightmare	npc_drop	pre-elemental
31597	Nightmare Mephit Skin	204	ponightmare	npc_drop	pre-elemental
32546	Nightmare Rift	204	ponightmare	npc_drop	pre-elemental
30196	Nightmarewood Bow Staff	204	ponightmare	npc_drop	pre-elemental
29499	Nightmarewood Sap	204	ponightmare	npc_drop	pre-elemental
16159	Ornate Chain Leggings	204	ponightmare	npc_drop	pre-elemental
28776	Page 11 of Dark Power	204	ponightmare	npc_drop	pre-elemental
28777	Page 13 of Dark Power	204	ponightmare	npc_drop	pre-elemental
28778	Page 17 of Dark Power	204	ponightmare	npc_drop	pre-elemental
28779	Page 19 of Dark Power	204	ponightmare	npc_drop	pre-elemental
28772	Page 2 of Dark Power	204	ponightmare	npc_drop	pre-elemental
28773	Page 3 of Dark Power	204	ponightmare	npc_drop	pre-elemental
28774	Page 5 of Dark Power	204	ponightmare	npc_drop	pre-elemental
28775	Page 7 of Dark Power	204	ponightmare	npc_drop	pre-elemental
10028	Peridot	204	ponightmare	npc_drop	pre-elemental
15981	Raw Diamond	204	ponightmare	npc_drop	pre-elemental
7138	Ribbon Choker	204	ponightmare	npc_drop	pre-elemental
21868	Scorched Wand	204	ponightmare	npc_drop	pre-elemental
25222	Screamstaff	204	ponightmare	npc_drop	pre-elemental
26675	Semi Precious Stone Chunk	204	ponightmare	npc_drop	pre-elemental
20519	Sharp Claw Ahlspiess	204	ponightmare	npc_drop	pre-elemental
26687	Shiny Minnow Scale	204	ponightmare	npc_drop	pre-elemental
6026	Shovel	204	ponightmare	npc_drop	pre-elemental
26651	Silken Strand	204	ponightmare	npc_drop	pre-elemental
26683	Silken Tail Feather	204	ponightmare	npc_drop	pre-elemental
26668	Silver Engraved Earring	204	ponightmare	npc_drop	pre-elemental
26680	Simple Sash	204	ponightmare	npc_drop	pre-elemental
4238	Sinew Tied Bone Earring	204	ponightmare	npc_drop	pre-elemental
13633	Skull Lined Amice	204	ponightmare	npc_drop	pre-elemental
27169	Skull Shield	204	ponightmare	npc_drop	pre-elemental
28786	Slarghilug Blood	204	ponightmare	npc_drop	pre-elemental
26656	Slarghilug Leg	204	ponightmare	npc_drop	pre-elemental
24577	Slarghilug Spear	204	ponightmare	npc_drop	pre-elemental
26669	Smooth Incisor	204	ponightmare	npc_drop	pre-elemental
11307	Sorcerous Bracer of Power	204	ponightmare	npc_drop	pre-elemental
29131	Spectral Parchment	204	ponightmare	npc_drop	pre-elemental
16261	Strand of Nightmare	204	ponightmare	npc_drop	pre-elemental
11098	Sullied Blackmetal Bracer	204	ponightmare	npc_drop	pre-elemental
22991	Sullied Mithril Blade	204	ponightmare	npc_drop	pre-elemental
26662	Swirling Banshee Essence	204	ponightmare	npc_drop	pre-elemental
15970	Tainted Planar Essence	204	ponightmare	npc_drop	pre-elemental
26670	Tangled Bat Hair	204	ponightmare	npc_drop	pre-elemental
29298	Terror Matriarch Venom Sack	204	ponightmare	npc_drop	pre-elemental
1322	Thaumaturgists Robe	204	ponightmare	npc_drop	pre-elemental
26673	Twisted Goblin Claw	204	ponightmare	npc_drop	pre-elemental
27640	Twisted Longbow	204	ponightmare	npc_drop	pre-elemental
26682	Twisted Talon	204	ponightmare	npc_drop	pre-elemental
26686	Twisted Wooden Root	204	ponightmare	npc_drop	pre-elemental
26654	Unbroken Eye Stalk	204	ponightmare	npc_drop	pre-elemental
16615	Veteran's Chain Leggings	204	ponightmare	npc_drop	pre-elemental
26655	Webbed Tail Fin	204	ponightmare	npc_drop	pre-elemental
26666	Wing Membrane	204	ponightmare	npc_drop	pre-elemental
29934	A Chunk of Unidentifiable Bile	205	podisease	npc_drop	pre-elemental
29925	A Decaying Antennae	205	podisease	npc_drop	pre-elemental
29938	A Decomposing Leg	205	podisease	npc_drop	pre-elemental
29924	A Decomposing Wing	205	podisease	npc_drop	pre-elemental
29936	A Diseased Shell	205	podisease	npc_drop	pre-elemental
29935	A Pus-filled Ear	205	podisease	npc_drop	pre-elemental
29937	A Putrid Carcass Fragment	205	podisease	npc_drop	pre-elemental
29932	A Ragged, and Torn Cloth	205	podisease	npc_drop	pre-elemental
29943	A Section of the Worm Carcass	205	podisease	npc_drop	pre-elemental
29929	An Oozing Skull	205	podisease	npc_drop	pre-elemental
29921	Arachnae Fangs	205	podisease	npc_drop	pre-elemental
29922	Arachnae Heart	205	podisease	npc_drop	pre-elemental
29923	Arachnae Silk Gland	205	podisease	npc_drop	pre-elemental
7122	Arachnid Antennae	205	podisease	npc_drop	pre-elemental
20610	Ball of Caterpillar Hair	205	podisease	npc_drop	pre-elemental
29946	Bile Infested Goo	205	podisease	npc_drop	pre-elemental
22503	Blue Diamond	205	podisease	npc_drop	pre-elemental
21864	Bone Spiked Crusher	205	podisease	npc_drop	pre-elemental
19080	Boots of Leathery Flesh	205	podisease	npc_drop	pre-elemental
11059	Bracer of Rotting Bile	205	podisease	npc_drop	pre-elemental
29315	Bubonian Bile	205	podisease	npc_drop	pre-elemental
29346	Bubonian Blood	205	podisease	npc_drop	pre-elemental
8784	Chunk of Contaminated Earth	205	podisease	npc_drop	pre-elemental
20624	Chunk of Decaying Cloth	205	podisease	npc_drop	pre-elemental
28281	Creeping Silk Strands	205	podisease	npc_drop	pre-elemental
9474	Crimson Colored Bone Charm	205	podisease	npc_drop	pre-elemental
11416	Cursed Armplates	205	podisease	npc_drop	pre-elemental
29931	Deathbone Hand	205	podisease	npc_drop	pre-elemental
11031	Decomposing Wristband	205	podisease	npc_drop	pre-elemental
10037	Diamond	205	podisease	npc_drop	pre-elemental
29926	Dipterean Egg Sac	205	podisease	npc_drop	pre-elemental
25600	Disease Imbued Greatstaff	205	podisease	npc_drop	pre-elemental
29927	Disease Infested Heart	205	podisease	npc_drop	pre-elemental
29939	Disease Infested Rat Liver	205	podisease	npc_drop	pre-elemental
9443	Diseased Ratskin Mask	205	podisease	npc_drop	pre-elemental
29112	Ethereal Parchment	205	podisease	npc_drop	pre-elemental
29945	Festering Glob of Goo	205	podisease	npc_drop	pre-elemental
11033	Fetid Flesh Wristband	205	podisease	npc_drop	pre-elemental
26744	Firebone Notebook	205	podisease	npc_drop	pre-elemental
9291	Generian Larvae Flesh	205	podisease	npc_drop	pre-elemental
11898	Gloves of Flowing Ooze	205	podisease	npc_drop	pre-elemental
19084	Gooey Boots	205	podisease	npc_drop	pre-elemental
28999	Grymes Crypt Key	205	podisease	npc_drop	pre-elemental
9293	Harrion Larvae Flesh	205	podisease	npc_drop	pre-elemental
29941	Infected Rat Fang	205	podisease	npc_drop	pre-elemental
29347	Inky Secretion	205	podisease	npc_drop	pre-elemental
29487	Lepertoloth Bone Segment	205	podisease	npc_drop	pre-elemental
29944	Malaria Infested Larvae	205	podisease	npc_drop	pre-elemental
5593	Malarian Leg Ear Stud	205	podisease	npc_drop	pre-elemental
28724	Malarian Wing	205	podisease	npc_drop	pre-elemental
16163	Ooze Drenched Leggings	205	podisease	npc_drop	pre-elemental
21895	Oozing Quarterstaff	205	podisease	npc_drop	pre-elemental
20498	Orb of Unidentifiable Pulp	205	podisease	npc_drop	pre-elemental
24614	Ornate Firebone Dirk	205	podisease	npc_drop	pre-elemental
28776	Page 11 of Dark Power	205	podisease	npc_drop	pre-elemental
28777	Page 13 of Dark Power	205	podisease	npc_drop	pre-elemental
28778	Page 17 of Dark Power	205	podisease	npc_drop	pre-elemental
28779	Page 19 of Dark Power	205	podisease	npc_drop	pre-elemental
28772	Page 2 of Dark Power	205	podisease	npc_drop	pre-elemental
28773	Page 3 of Dark Power	205	podisease	npc_drop	pre-elemental
28774	Page 5 of Dark Power	205	podisease	npc_drop	pre-elemental
28775	Page 7 of Dark Power	205	podisease	npc_drop	pre-elemental
10028	Peridot	205	podisease	npc_drop	pre-elemental
29942	Pod of Disease Infested Earth	205	podisease	npc_drop	pre-elemental
14945	Pox Ridden Carapace	205	podisease	npc_drop	pre-elemental
9499	Pox Ridden Fleshcap	205	podisease	npc_drop	pre-elemental
27285	Pus Covered Beetle Carapace	205	podisease	npc_drop	pre-elemental
29940	Pus-filled Rat Pelt	205	podisease	npc_drop	pre-elemental
29947	Putrid Ooze	205	podisease	npc_drop	pre-elemental
13659	Putrid Shoulderpads	205	podisease	npc_drop	pre-elemental
29133	Rattican's Head	205	podisease	npc_drop	pre-elemental
15981	Raw Diamond	205	podisease	npc_drop	pre-elemental
10367	Ring of Braided Hair	205	podisease	npc_drop	pre-elemental
10109	Ring of the Pox-bearer	205	podisease	npc_drop	pre-elemental
24091	Rock Fern	205	podisease	npc_drop	pre-elemental
29928	Rotting Chunk of Flesh	205	podisease	npc_drop	pre-elemental
26081	Runed Lance of Gryme	205	podisease	npc_drop	pre-elemental
9292	Scaevian Larvae Flesh	205	podisease	npc_drop	pre-elemental
29930	Scroll of Incantations	205	podisease	npc_drop	pre-elemental
9290	Sengian Larvae Flesh	205	podisease	npc_drop	pre-elemental
10174	Signet of Withering Flesh	205	podisease	npc_drop	pre-elemental
29131	Spectral Parchment	205	podisease	npc_drop	pre-elemental
29757	Swamp Rat Parts	205	podisease	npc_drop	pre-elemental
15970	Tainted Planar Essence	205	podisease	npc_drop	pre-elemental
28725	Tattered Leperoth Clothing	205	podisease	npc_drop	pre-elemental
29933	Vial of Pus	205	podisease	npc_drop	pre-elemental
31996	A Stripped-out Gear Assembly	206	poinnovation	npc_drop	pre-elemental
31999	Archaic Circuitry	206	poinnovation	npc_drop	pre-elemental
9581	Bellows Crafted Cap	206	poinnovation	npc_drop	pre-elemental
14923	Boiled Leather Cuirass	206	poinnovation	npc_drop	pre-elemental
16094	Broken Drivebelt	206	poinnovation	npc_drop	pre-elemental
9426	Bundle of Super Conductive Wires	206	poinnovation	npc_drop	pre-elemental
29761	Clockwork Carapace	206	poinnovation	npc_drop	pre-elemental
13646	Cog Encrusted Epaulets	206	poinnovation	npc_drop	pre-elemental
9498	Coil of Twisted Platinum Wire	206	poinnovation	npc_drop	pre-elemental
9179	Coiled Spring	206	poinnovation	npc_drop	pre-elemental
27819	Compound Steelshaft Bow	206	poinnovation	npc_drop	pre-elemental
9295	Copper Node	206	poinnovation	npc_drop	pre-elemental
22580	Cord Hilted Spike Driver	206	poinnovation	npc_drop	pre-elemental
27299	Corroded Steel Plate	206	poinnovation	npc_drop	pre-elemental
31453	Decaying Gears	206	poinnovation	npc_drop	pre-elemental
31995	Destroyed Power Source	206	poinnovation	npc_drop	pre-elemental
31452	Disassembled Servo Mechanism	206	poinnovation	npc_drop	pre-elemental
11047	Double Wrapped Wide Belt	206	poinnovation	npc_drop	pre-elemental
22947	Elemental Divining Rod	206	poinnovation	npc_drop	pre-elemental
29112	Ethereal Parchment	206	poinnovation	npc_drop	pre-elemental
27098	Flickering Powersource	206	poinnovation	npc_drop	pre-elemental
16858	Gears	206	poinnovation	npc_drop	pre-elemental
10074	Glowing Steel Shim	206	poinnovation	npc_drop	pre-elemental
24083	Golden Ember Powder	206	poinnovation	npc_drop	pre-elemental
10368	Half Spiked Sprocket	206	poinnovation	npc_drop	pre-elemental
30499	Innovative Clockwork Bolts	206	poinnovation	npc_drop	pre-elemental
30498	Innovative Clockwork Gears	206	poinnovation	npc_drop	pre-elemental
21865	Innovators Hammer	206	poinnovation	npc_drop	pre-elemental
10296	Innovators Ring	206	poinnovation	npc_drop	pre-elemental
9434	Intact Power Cell	206	poinnovation	npc_drop	pre-elemental
29145	Junk Beast Power Source	206	poinnovation	npc_drop	pre-elemental
15878	Knotted Wire	206	poinnovation	npc_drop	pre-elemental
29789	Knuckle Joint	206	poinnovation	npc_drop	pre-elemental
8776	Large Smoothmetal Torque	206	poinnovation	npc_drop	pre-elemental
11404	Lined Burlap Sleeves	206	poinnovation	npc_drop	pre-elemental
14804	Mana Battery - Class Five	206	poinnovation	npc_drop	pre-elemental
9181	Mana Battery - Class Six	206	poinnovation	npc_drop	pre-elemental
29297	Mechanical Clockwork Venom	206	poinnovation	npc_drop	pre-elemental
31986	Melted Circuits	206	poinnovation	npc_drop	pre-elemental
15808	Metal Flecked Wirespun Cape	206	poinnovation	npc_drop	pre-elemental
11320	Metal Flecked Wirespun Sleeves	206	poinnovation	npc_drop	pre-elemental
31991	Metallic Plate	206	poinnovation	npc_drop	pre-elemental
28164	Mini-gyro Shields	206	poinnovation	npc_drop	pre-elemental
31988	Model Identification Plate	206	poinnovation	npc_drop	pre-elemental
29795	Moonstone Crystal	206	poinnovation	npc_drop	pre-elemental
31998	Obsolete Power System	206	poinnovation	npc_drop	pre-elemental
31993	Oxidized Steel Plate	206	poinnovation	npc_drop	pre-elemental
12078	Padding Stitched Gauntlets	206	poinnovation	npc_drop	pre-elemental
28776	Page 11 of Dark Power	206	poinnovation	npc_drop	pre-elemental
28777	Page 13 of Dark Power	206	poinnovation	npc_drop	pre-elemental
28778	Page 17 of Dark Power	206	poinnovation	npc_drop	pre-elemental
28779	Page 19 of Dark Power	206	poinnovation	npc_drop	pre-elemental
28772	Page 2 of Dark Power	206	poinnovation	npc_drop	pre-elemental
28773	Page 3 of Dark Power	206	poinnovation	npc_drop	pre-elemental
28774	Page 5 of Dark Power	206	poinnovation	npc_drop	pre-elemental
28775	Page 7 of Dark Power	206	poinnovation	npc_drop	pre-elemental
21878	Pile Driver	206	poinnovation	npc_drop	pre-elemental
9178	Pinion	206	poinnovation	npc_drop	pre-elemental
9496	Polished Smoothmetal Torque	206	poinnovation	npc_drop	pre-elemental
19095	Polished Tin Mail Boots	206	poinnovation	npc_drop	pre-elemental
9588	Polished Tin Mail Coif	206	poinnovation	npc_drop	pre-elemental
14944	Polished Tin Mail Shirt	206	poinnovation	npc_drop	pre-elemental
20436	Prickly Ball of Wire	206	poinnovation	npc_drop	pre-elemental
15831	Protective Dust Drape	206	poinnovation	npc_drop	pre-elemental
27270	Pulsing Phase Emitter	206	poinnovation	npc_drop	pre-elemental
31980	Recycled Aluminum	206	poinnovation	npc_drop	pre-elemental
31982	Recycled Platinum	206	poinnovation	npc_drop	pre-elemental
31981	Recycled Steel	206	poinnovation	npc_drop	pre-elemental
31989	Refurbished Gear Assembly	206	poinnovation	npc_drop	pre-elemental
12588	Riveted Joint Gauntlets	206	poinnovation	npc_drop	pre-elemental
31992	Rusty Servos	206	poinnovation	npc_drop	pre-elemental
9180	Saltpeter	206	poinnovation	npc_drop	pre-elemental
27286	Self Contained Force Barrier	206	poinnovation	npc_drop	pre-elemental
24771	Sharp Ended Broken Lever	206	poinnovation	npc_drop	pre-elemental
31997	Shattered Servos	206	poinnovation	npc_drop	pre-elemental
26097	Sheetmetal Ulak	206	poinnovation	npc_drop	pre-elemental
31455	Short Circuited Memory Storage	206	poinnovation	npc_drop	pre-elemental
28165	Silicorrosive Grease	206	poinnovation	npc_drop	pre-elemental
28162	Size 12 Sprockets	206	poinnovation	npc_drop	pre-elemental
28280	Size C Spring	206	poinnovation	npc_drop	pre-elemental
29230	Solid Block of Perilium	206	poinnovation	npc_drop	pre-elemental
29131	Spectral Parchment	206	poinnovation	npc_drop	pre-elemental
31990	Spool of Wires	206	poinnovation	npc_drop	pre-elemental
16859	Sprockets	206	poinnovation	npc_drop	pre-elemental
9184	Steel Ball Bearing	206	poinnovation	npc_drop	pre-elemental
25226	Stuck Bearing Persuader	206	poinnovation	npc_drop	pre-elemental
31994	Tarnished Cog	206	poinnovation	npc_drop	pre-elemental
24791	Tarnished Driveshaft	206	poinnovation	npc_drop	pre-elemental
24785	The Weapon's Driveshaft	206	poinnovation	npc_drop	pre-elemental
4319	Tin Star Earring	206	poinnovation	npc_drop	pre-elemental
28279	Tri-coated Metal Casing	206	poinnovation	npc_drop	pre-elemental
28163	Tri-platinum Foil	206	poinnovation	npc_drop	pre-elemental
15817	Wire Mesh Drape	206	poinnovation	npc_drop	pre-elemental
31454	Worn Gearbox	206	poinnovation	npc_drop	pre-elemental
31987	Worn Sprocket Assembly	206	poinnovation	npc_drop	pre-elemental
8785	Woven Shim Choker	206	poinnovation	npc_drop	pre-elemental
26634	A Ball of Skin	207	potorment	npc_drop	pre-elemental
26630	A Blood Raven Beak	207	potorment	npc_drop	pre-elemental
26632	A Blood Raven Tailfeather	207	potorment	npc_drop	pre-elemental
26631	A Blood Raven Talon	207	potorment	npc_drop	pre-elemental
26625	A Broken Spine	207	potorment	npc_drop	pre-elemental
26633	A Mass of Muscle	207	potorment	npc_drop	pre-elemental
26626	A Ragged Section of Skin	207	potorment	npc_drop	pre-elemental
26629	A Tormentors Hoof	207	potorment	npc_drop	pre-elemental
26637	A Venom Drenched Spider Silk	207	potorment	npc_drop	pre-elemental
9325	Adorned Soulstone Mask	207	potorment	npc_drop	pre-elemental
27276	Aegis of Gloom	207	potorment	npc_drop	pre-elemental
10238	Band of Miserable Souls	207	potorment	npc_drop	pre-elemental
10800	Band of the Adorned	207	potorment	npc_drop	pre-elemental
21838	Baton of Torment	207	potorment	npc_drop	pre-elemental
15838	Battlecloak of Lost Souls	207	potorment	npc_drop	pre-elemental
15794	Black Cloak of Malise	207	potorment	npc_drop	pre-elemental
29750	Blood Raven Parts	207	potorment	npc_drop	pre-elemental
29759	Bloody Tormentor Parts	207	potorment	npc_drop	pre-elemental
22503	Blue Diamond	207	potorment	npc_drop	pre-elemental
29492	Boruk Hide	207	potorment	npc_drop	pre-elemental
16282	Brick of Ethereal Energy	207	potorment	npc_drop	pre-elemental
15806	Cape Embroidered with Runes	207	potorment	npc_drop	pre-elemental
22893	Crowned Staff of Anguish	207	potorment	npc_drop	pre-elemental
10037	Diamond	207	potorment	npc_drop	pre-elemental
24605	Dirk of Great Sorrow	207	potorment	npc_drop	pre-elemental
29112	Ethereal Parchment	207	potorment	npc_drop	pre-elemental
16149	Girdle of the Tormentor	207	potorment	npc_drop	pre-elemental
26030	Great Blade of Malise	207	potorment	npc_drop	pre-elemental
26045	Great Lance of Grief	207	potorment	npc_drop	pre-elemental
25849	Greater Poleaxe of Sorrow	207	potorment	npc_drop	pre-elemental
26087	Greatstaff of Misery	207	potorment	npc_drop	pre-elemental
9269	Horrific Neckguard	207	potorment	npc_drop	pre-elemental
28589	Insanity Fangs	207	potorment	npc_drop	pre-elemental
29493	Kaniz Hide	207	potorment	npc_drop	pre-elemental
26628	Large Black Horn	207	potorment	npc_drop	pre-elemental
5431	Lesser Eye of Insanity	207	potorment	npc_drop	pre-elemental
24572	Longblade of Ethereal Terror	207	potorment	npc_drop	pre-elemental
26627	Massive Tusks	207	potorment	npc_drop	pre-elemental
4118	Miserable Bauble	207	potorment	npc_drop	pre-elemental
17172	Mouths of Baraguj Szuul	207	potorment	npc_drop	pre-elemental
22950	Orb of Agony	207	potorment	npc_drop	pre-elemental
22951	Orb of Anguish	207	potorment	npc_drop	pre-elemental
27407	Orb of Infinite Terror	207	potorment	npc_drop	pre-elemental
22952	Orb of Pain	207	potorment	npc_drop	pre-elemental
22953	Orb of Suffering	207	potorment	npc_drop	pre-elemental
16164	Pained Leggings	207	potorment	npc_drop	pre-elemental
10028	Peridot	207	potorment	npc_drop	pre-elemental
24087	Plague Mites	207	potorment	npc_drop	pre-elemental
26635	Putrescent Blood	207	potorment	npc_drop	pre-elemental
24694	Rapier of Curses	207	potorment	npc_drop	pre-elemental
15981	Raw Diamond	207	potorment	npc_drop	pre-elemental
26638	Razor Sharp Spider Fang	207	potorment	npc_drop	pre-elemental
15820	Shaded Cloak	207	potorment	npc_drop	pre-elemental
11405	Shadow-woven Sleeves	207	potorment	npc_drop	pre-elemental
12079	Shadowhide Gloves	207	potorment	npc_drop	pre-elemental
27164	Shield of Unimaginable Horrors	207	potorment	npc_drop	pre-elemental
19091	Slippers of Eternal Nightmares	207	potorment	npc_drop	pre-elemental
29131	Spectral Parchment	207	potorment	npc_drop	pre-elemental
25843	Staff of Agonizing Battle	207	potorment	npc_drop	pre-elemental
21897	Staff of Primordial Ooze	207	potorment	npc_drop	pre-elemental
16285	Strand of Ether	207	potorment	npc_drop	pre-elemental
28288	Strands of Living Chain	207	potorment	npc_drop	pre-elemental
15970	Tainted Planar Essence	207	potorment	npc_drop	pre-elemental
26624	Tooth of the Insane	207	potorment	npc_drop	pre-elemental
27991	Tormented Flute	207	potorment	npc_drop	pre-elemental
20438	Tormented Stone of Souls	207	potorment	npc_drop	pre-elemental
8783	Tormentor's Chain Collar	207	potorment	npc_drop	pre-elemental
22982	Twin-blade of Sorrow	207	potorment	npc_drop	pre-elemental
15843	Unadorned Cloak of Battle	207	potorment	npc_drop	pre-elemental
26636	Venomous Poison Sac	207	potorment	npc_drop	pre-elemental
24568	Whip of Unending Pain	207	potorment	npc_drop	pre-elemental
22898	Withering Staff of Agony	207	potorment	npc_drop	pre-elemental
29960	A Broken Carapace	208	povalor	npc_drop	pre-elemental
25597	A Crystalline Spider's Heart	208	povalor	npc_drop	pre-elemental
29952	A Pile of Dusty Bones	208	povalor	npc_drop	pre-elemental
25599	A Planarian Larvae's Heart	208	povalor	npc_drop	pre-elemental
29949	A Razorfiend Tail	208	povalor	npc_drop	pre-elemental
29948	A Razorfiend Talon	208	povalor	npc_drop	pre-elemental
29950	A Razorfiend Tongue	208	povalor	npc_drop	pre-elemental
25598	A Razorfiend's Heart	208	povalor	npc_drop	pre-elemental
29953	A Shard of Bone	208	povalor	npc_drop	pre-elemental
25796	A piece of the crystalline globe	208	povalor	npc_drop	pre-elemental
25797	A piece of the crystalline globe	208	povalor	npc_drop	pre-elemental
25798	A piece of the crystalline globe	208	povalor	npc_drop	pre-elemental
9958	Band of the Visionary	208	povalor	npc_drop	pre-elemental
22503	Blue Diamond	208	povalor	npc_drop	pre-elemental
13073	Bone Chips	208	povalor	npc_drop	pre-elemental
16282	Brick of Ethereal Energy	208	povalor	npc_drop	pre-elemental
29349	Brick of Valorium	208	povalor	npc_drop	pre-elemental
26866	Cartographers Ink Bottle	208	povalor	npc_drop	pre-elemental
24599	Cartographers Quill	208	povalor	npc_drop	pre-elemental
21879	Club of the Secretive	208	povalor	npc_drop	pre-elemental
29967	Clump of Digested Earth	208	povalor	npc_drop	pre-elemental
15880	Cord of Nobility	208	povalor	npc_drop	pre-elemental
20605	Crescent Symbol of Rhaj	208	povalor	npc_drop	pre-elemental
29229	Crystal Spider Brain	208	povalor	npc_drop	pre-elemental
28286	Crystalline Carapace	208	povalor	npc_drop	pre-elemental
10037	Diamond	208	povalor	npc_drop	pre-elemental
26031	Double-edged Greatsword of Visions	208	povalor	npc_drop	pre-elemental
24084	Dust of Decay	208	povalor	npc_drop	pre-elemental
24581	Engraved Shard of Bone	208	povalor	npc_drop	pre-elemental
29112	Ethereal Parchment	208	povalor	npc_drop	pre-elemental
13689	Forged Shoulderpads	208	povalor	npc_drop	pre-elemental
29965	Frog Skins	208	povalor	npc_drop	pre-elemental
11040	Frogskin Wristband	208	povalor	npc_drop	pre-elemental
16150	Girdle of the Jaded	208	povalor	npc_drop	pre-elemental
2419	Glassy Frog Eye	208	povalor	npc_drop	pre-elemental
14306	Gold Runed Shirt	208	povalor	npc_drop	pre-elemental
25848	Greatsword of Shadows	208	povalor	npc_drop	pre-elemental
7600	Guardians Token	208	povalor	npc_drop	pre-elemental
29763	Hero Parts	208	povalor	npc_drop	pre-elemental
11411	Honorable Armguards	208	povalor	npc_drop	pre-elemental
22973	Honorable Longsword	208	povalor	npc_drop	pre-elemental
8366	Honorary Amulet	208	povalor	npc_drop	pre-elemental
9467	Honorary Faceplate	208	povalor	npc_drop	pre-elemental
29957	Large Shard of Stone	208	povalor	npc_drop	pre-elemental
29966	Larvae Remains	208	povalor	npc_drop	pre-elemental
27698	Longbow of the Intrepid	208	povalor	npc_drop	pre-elemental
9398	Mask of Heroics	208	povalor	npc_drop	pre-elemental
27292	Massive Larvae Carapace	208	povalor	npc_drop	pre-elemental
29958	Massive Pile of Rocks	208	povalor	npc_drop	pre-elemental
21882	Mediators Staff	208	povalor	npc_drop	pre-elemental
29956	Metallic Liquid	208	povalor	npc_drop	pre-elemental
27993	Ornate Horn of the Valorous	208	povalor	npc_drop	pre-elemental
13663	Pauldrons of Heroics	208	povalor	npc_drop	pre-elemental
29959	Pearlescent Pebble Formation	208	povalor	npc_drop	pre-elemental
10028	Peridot	208	povalor	npc_drop	pre-elemental
29964	Poison Frog Legs	208	povalor	npc_drop	pre-elemental
15981	Raw Diamond	208	povalor	npc_drop	pre-elemental
20606	Righteous Amulet of Marr	208	povalor	npc_drop	pre-elemental
10946	Ring of Nobility	208	povalor	npc_drop	pre-elemental
16245	Sacred Water	208	povalor	npc_drop	pre-elemental
29961	Segmented Leg	208	povalor	npc_drop	pre-elemental
29955	Shattered Steel Plate	208	povalor	npc_drop	pre-elemental
29962	Shiny Metallic Orb	208	povalor	npc_drop	pre-elemental
13678	Shoulderpads of the Visionary	208	povalor	npc_drop	pre-elemental
10422	Signet of the Valorous	208	povalor	npc_drop	pre-elemental
29951	Skeletal Remains	208	povalor	npc_drop	pre-elemental
20626	Small Larvae Carapace	208	povalor	npc_drop	pre-elemental
24778	Soldiers Practice Cudgel	208	povalor	npc_drop	pre-elemental
29131	Spectral Parchment	208	povalor	npc_drop	pre-elemental
29954	Steel Fragments	208	povalor	npc_drop	pre-elemental
16285	Strand of Ether	208	povalor	npc_drop	pre-elemental
2484	Trinket of the Enlightened	208	povalor	npc_drop	pre-elemental
20608	Unwavering Shield of Faith	208	povalor	npc_drop	pre-elemental
20607	Unwavering Sword of Faith	208	povalor	npc_drop	pre-elemental
21778	Valiant Metallic Liquid	208	povalor	npc_drop	pre-elemental
28800	Valor Crystals	208	povalor	npc_drop	pre-elemental
28588	Valorium Shards	208	povalor	npc_drop	pre-elemental
21863	Valorous Quarterstaff	208	povalor	npc_drop	pre-elemental
29963	Venomous Liquids	208	povalor	npc_drop	pre-elemental
29968	Worm Guts	208	povalor	npc_drop	pre-elemental
25189	Wrath of Mithaniel	208	povalor	npc_drop	pre-elemental
29904	A Drop of Pure Rain	209	bothunder	npc_drop	pre-elemental
29912	A Wind-Worn Stone	209	bothunder	npc_drop	pre-elemental
29198	Amulet of the Rain	209	bothunder	npc_drop	pre-elemental
29903	An Icy Vial	209	bothunder	npc_drop	pre-elemental
15926	Belt of Thunderous Auras	209	bothunder	npc_drop	pre-elemental
23496	Blackblade of the Rain	209	bothunder	npc_drop	pre-elemental
9423	Blizzard Gem	209	bothunder	npc_drop	pre-elemental
9431	Blizzard Sphere	209	bothunder	npc_drop	pre-elemental
22503	Blue Diamond	209	bothunder	npc_drop	pre-elemental
29428	Bracer of Energy	209	bothunder	npc_drop	pre-elemental
16282	Brick of Ethereal Energy	209	bothunder	npc_drop	pre-elemental
9497	Cap of Drowned Souls	209	bothunder	npc_drop	pre-elemental
6512	Crystallized Rain	209	bothunder	npc_drop	pre-elemental
10037	Diamond	209	bothunder	npc_drop	pre-elemental
22975	Double Edged Stormblade	209	bothunder	npc_drop	pre-elemental
5777	Earring of Thunder	209	bothunder	npc_drop	pre-elemental
29112	Ethereal Parchment	209	bothunder	npc_drop	pre-elemental
27166	Eye of the Sandstorm	209	bothunder	npc_drop	pre-elemental
24088	Fungus Clump	209	bothunder	npc_drop	pre-elemental
24646	Gargoyle Talon	209	bothunder	npc_drop	pre-elemental
27637	Glowing Orb of the Stormwatcher	209	bothunder	npc_drop	pre-elemental
29132	Glyphed Rune Word	209	bothunder	npc_drop	pre-elemental
29911	Grain of Burning Sand	209	bothunder	npc_drop	pre-elemental
22971	Great Blade of Storms	209	bothunder	npc_drop	pre-elemental
25800	Greater Stormwatcher Horn	209	bothunder	npc_drop	pre-elemental
24799	Greatstaff of Thunder	209	bothunder	npc_drop	pre-elemental
24780	Greatstaff of the Four Winds	209	bothunder	npc_drop	pre-elemental
29905	Hailstone	209	bothunder	npc_drop	pre-elemental
21871	Hammer of the Wind	209	bothunder	npc_drop	pre-elemental
29914	Heart of the Windstorm	209	bothunder	npc_drop	pre-elemental
26085	Heavy Windriders Lance	209	bothunder	npc_drop	pre-elemental
20615	Idol of the Wavecrasher	209	bothunder	npc_drop	pre-elemental
29770	Jord Meat	209	bothunder	npc_drop	pre-elemental
4139	Karana's Tear	209	bothunder	npc_drop	pre-elemental
29908	Lightning Encased Signet	209	bothunder	npc_drop	pre-elemental
9422	Lightning Gem	209	bothunder	npc_drop	pre-elemental
9430	Lightning Sphere	209	bothunder	npc_drop	pre-elemental
27649	Longbow of the Stormcaller	209	bothunder	npc_drop	pre-elemental
13670	Mantle of the Rainmaker	209	bothunder	npc_drop	pre-elemental
9441	Mask of Thunder	209	bothunder	npc_drop	pre-elemental
9449	Mask of the Hailstorms	209	bothunder	npc_drop	pre-elemental
29744	Mephit Meat	209	bothunder	npc_drop	pre-elemental
29916	Mephit Talon	209	bothunder	npc_drop	pre-elemental
29915	Mephit Wings	209	bothunder	npc_drop	pre-elemental
29907	Orb of Electricity	209	bothunder	npc_drop	pre-elemental
26797	Orb of Thunderous Spirits	209	bothunder	npc_drop	pre-elemental
16297	Ornate Bracer Mold	209	bothunder	npc_drop	pre-elemental
16346	Ornate Breastplate Mold	209	bothunder	npc_drop	pre-elemental
16293	Ornate Chain Bracelet Pattern	209	bothunder	npc_drop	pre-elemental
16290	Ornate Chain Coif Pattern	209	bothunder	npc_drop	pre-elemental
16294	Ornate Chain Glove Pattern	209	bothunder	npc_drop	pre-elemental
16295	Ornate Chain Pant Pattern	209	bothunder	npc_drop	pre-elemental
16292	Ornate Chain Sleeve Pattern	209	bothunder	npc_drop	pre-elemental
16291	Ornate Chain Tunic Pattern	209	bothunder	npc_drop	pre-elemental
16345	Ornate Gauntlet Mold	209	bothunder	npc_drop	pre-elemental
16344	Ornate Greaves Mold	209	bothunder	npc_drop	pre-elemental
16299	Ornate Helm Mold	209	bothunder	npc_drop	pre-elemental
16353	Ornate Leather Boot Pattern	209	bothunder	npc_drop	pre-elemental
16347	Ornate Leather Helm Pattern	209	bothunder	npc_drop	pre-elemental
16352	Ornate Leather Pant Pattern	209	bothunder	npc_drop	pre-elemental
16349	Ornate Leather Sleeve Pattern	209	bothunder	npc_drop	pre-elemental
16348	Ornate Leather Tunic Pattern	209	bothunder	npc_drop	pre-elemental
16350	Ornate Leather Wristband Pattern	209	bothunder	npc_drop	pre-elemental
16360	Ornate Silk Boot Pattern	209	bothunder	npc_drop	pre-elemental
16357	Ornate Silk Bracelet Pattern	209	bothunder	npc_drop	pre-elemental
16359	Ornate Silk Pant Pattern	209	bothunder	npc_drop	pre-elemental
16355	Ornate Silk Robe Pattern	209	bothunder	npc_drop	pre-elemental
16356	Ornate Silk Sleeve Pattern	209	bothunder	npc_drop	pre-elemental
16354	Ornate Silk Turban Pattern	209	bothunder	npc_drop	pre-elemental
16343	Ornate Vambrace Mold	209	bothunder	npc_drop	pre-elemental
16326	Pants of the Storms	209	bothunder	npc_drop	pre-elemental
29913	Pendant of Thunder	209	bothunder	npc_drop	pre-elemental
10028	Peridot	209	bothunder	npc_drop	pre-elemental
19067	Rain Soaked Sandals	209	bothunder	npc_drop	pre-elemental
15981	Raw Diamond	209	bothunder	npc_drop	pre-elemental
21495	Ring of Thunderous Spirits	209	bothunder	npc_drop	pre-elemental
17168	Ring of Torden	209	bothunder	npc_drop	pre-elemental
9421	Sandstorm Gem	209	bothunder	npc_drop	pre-elemental
29910	Sandstorm Medallion	209	bothunder	npc_drop	pre-elemental
29909	Sandstorm Pearl	209	bothunder	npc_drop	pre-elemental
9429	Sandstorm Sphere	209	bothunder	npc_drop	pre-elemental
21896	Scepter of Lightning	209	bothunder	npc_drop	pre-elemental
29920	Shard of Granite	209	bothunder	npc_drop	pre-elemental
29906	Shard of Pure Energy	209	bothunder	npc_drop	pre-elemental
22996	Shortblade of Lightning	209	bothunder	npc_drop	pre-elemental
29131	Spectral Parchment	209	bothunder	npc_drop	pre-elemental
25223	Staff of Flowing Water	209	bothunder	npc_drop	pre-elemental
20437	Stone of the Firestorm	209	bothunder	npc_drop	pre-elemental
29526	Storm Rider Blood	209	bothunder	npc_drop	pre-elemental
29917	Storm Rider Skin	209	bothunder	npc_drop	pre-elemental
29918	Storm Watchers Horn	209	bothunder	npc_drop	pre-elemental
27289	Stormrider Carapace	209	bothunder	npc_drop	pre-elemental
11879	Stormriders Gauntlets	209	bothunder	npc_drop	pre-elemental
10232	Stormriders Signet	209	bothunder	npc_drop	pre-elemental
29919	Stormwatchers Stone	209	bothunder	npc_drop	pre-elemental
16285	Strand of Ether	209	bothunder	npc_drop	pre-elemental
6508	Tear of the Rainmaker	209	bothunder	npc_drop	pre-elemental
21892	Thundering Mace	209	bothunder	npc_drop	pre-elemental
27997	Thunderous Drum of Karana	209	bothunder	npc_drop	pre-elemental
9424	Tornado Gem	209	bothunder	npc_drop	pre-elemental
9432	Tornado Sphere	209	bothunder	npc_drop	pre-elemental
27168	Twice Forged Steel Bulwark	209	bothunder	npc_drop	pre-elemental
17169	Unadorned Symbol of Torden	209	bothunder	npc_drop	pre-elemental
29768	Vann Toes	209	bothunder	npc_drop	pre-elemental
26747	Wand of the Ice Storm	209	bothunder	npc_drop	pre-elemental
13642	Weatherbeaten Shoulderpads	209	bothunder	npc_drop	pre-elemental
24645	Wicked Shank	209	bothunder	npc_drop	pre-elemental
14965	Wind-worn Chestplate	209	bothunder	npc_drop	pre-elemental
22995	Wind-worn Handblade	209	bothunder	npc_drop	pre-elemental
11022	Windriders Trinket	209	bothunder	npc_drop	pre-elemental
29022	Bear Tooth	210	postorms	npc_drop	pre-elemental
16151	Belt of Raging Nature	210	postorms	npc_drop	pre-elemental
15849	Black Cloak of the Midnight Storm	210	postorms	npc_drop	pre-elemental
22503	Blue Diamond	210	postorms	npc_drop	pre-elemental
29539	Brick of Electrified Copper	210	postorms	npc_drop	pre-elemental
16282	Brick of Ethereal Energy	210	postorms	npc_drop	pre-elemental
27279	Bulwark of Storms	210	postorms	npc_drop	pre-elemental
29023	Cactus Spines	210	postorms	npc_drop	pre-elemental
21891	Carved Jetsam Short Staff	210	postorms	npc_drop	pre-elemental
11484	Charred Wing	210	postorms	npc_drop	pre-elemental
9495	Circlet of the Victor	210	postorms	npc_drop	pre-elemental
22994	Clearmetal Windblade	210	postorms	npc_drop	pre-elemental
10794	Cobalt Ring of the Squall	210	postorms	npc_drop	pre-elemental
10949	Crackling Ring of Lightning	210	postorms	npc_drop	pre-elemental
4324	Crashing Wave Earring	210	postorms	npc_drop	pre-elemental
2628	Curled Entwood Earring	210	postorms	npc_drop	pre-elemental
9482	Darkmetal Visor	210	postorms	npc_drop	pre-elemental
10037	Diamond	210	postorms	npc_drop	pre-elemental
24696	Dirk of the Ravaging Wind	210	postorms	npc_drop	pre-elemental
6511	Earring of the Raging Typhoon	210	postorms	npc_drop	pre-elemental
7124	Earring of the Stormcloud	210	postorms	npc_drop	pre-elemental
11045	Enameled Giant's Finger Ring	210	postorms	npc_drop	pre-elemental
22838	Entwood Mace	210	postorms	npc_drop	pre-elemental
28765	Esoteric Medallion	210	postorms	npc_drop	pre-elemental
28780	Esoteric Medallion	210	postorms	npc_drop	pre-elemental
28783	Esoteric Medallion	210	postorms	npc_drop	pre-elemental
29112	Ethereal Parchment	210	postorms	npc_drop	pre-elemental
11481	Exotic Leaves	210	postorms	npc_drop	pre-elemental
22979	Falchion of Storms	210	postorms	npc_drop	pre-elemental
11485	Fiery Bone Fragment	210	postorms	npc_drop	pre-elemental
11483	Fire Powder	210	postorms	npc_drop	pre-elemental
20518	Fluted Scorpion Stinger	210	postorms	npc_drop	pre-elemental
16155	Girdle of the Storm Giant	210	postorms	npc_drop	pre-elemental
29132	Glyphed Rune Word	210	postorms	npc_drop	pre-elemental
19081	Greatbear Hide Boots	210	postorms	npc_drop	pre-elemental
24588	Greycloud Dirk	210	postorms	npc_drop	pre-elemental
20604	Idol of the Tempest Storm	210	postorms	npc_drop	pre-elemental
29028	Inedible Chunk of Meat	210	postorms	npc_drop	pre-elemental
24779	Ironbound Quarterstaff	210	postorms	npc_drop	pre-elemental
29020	Large Tuft of Fur	210	postorms	npc_drop	pre-elemental
28784	Lightning Crystals	210	postorms	npc_drop	pre-elemental
29017	Living Bark	210	postorms	npc_drop	pre-elemental
11482	Living Root	210	postorms	npc_drop	pre-elemental
29015	Lump of Digested Seaweed	210	postorms	npc_drop	pre-elemental
13643	Mantle of the Falling Rain	210	postorms	npc_drop	pre-elemental
29024	Microscopic Needles	210	postorms	npc_drop	pre-elemental
13693	Midnight Mantle	210	postorms	npc_drop	pre-elemental
7136	Necklace of Curled Cacti	210	postorms	npc_drop	pre-elemental
16095	Padded Steel Woven Belt	210	postorms	npc_drop	pre-elemental
10028	Peridot	210	postorms	npc_drop	pre-elemental
29018	Pile of Leaves	210	postorms	npc_drop	pre-elemental
29025	Pod of Undrinkable Liquid	210	postorms	npc_drop	pre-elemental
11480	Poison Tipped Thorn	210	postorms	npc_drop	pre-elemental
28785	Polished Obsidian Tomahawk	210	postorms	npc_drop	pre-elemental
29216	Quarter of a Diaku Emblem	210	postorms	npc_drop	pre-elemental
29217	Quarter of a Diaku Emblem	210	postorms	npc_drop	pre-elemental
29218	Quarter of a Diaku Emblem	210	postorms	npc_drop	pre-elemental
29219	Quarter of a Diaku Emblem	210	postorms	npc_drop	pre-elemental
15828	Raintravelers Overcloak	210	postorms	npc_drop	pre-elemental
15981	Raw Diamond	210	postorms	npc_drop	pre-elemental
27641	Rushing Wind Longbow	210	postorms	npc_drop	pre-elemental
29014	Sea Moss	210	postorms	npc_drop	pre-elemental
29016	Sea Worn Stones	210	postorms	npc_drop	pre-elemental
29021	Severed Bear Claw	210	postorms	npc_drop	pre-elemental
15875	Sleek Silk Sash	210	postorms	npc_drop	pre-elemental
29026	Small Section of a Carapace	210	postorms	npc_drop	pre-elemental
29019	Small Twigs	210	postorms	npc_drop	pre-elemental
29131	Spectral Parchment	210	postorms	npc_drop	pre-elemental
29197	Storm Ent Sap	210	postorms	npc_drop	pre-elemental
28749	Storm Giant Head	210	postorms	npc_drop	pre-elemental
28781	Storm Giant Head	210	postorms	npc_drop	pre-elemental
28782	Storm Giant Head	210	postorms	npc_drop	pre-elemental
29526	Storm Rider Blood	210	postorms	npc_drop	pre-elemental
29917	Storm Rider Skin	210	postorms	npc_drop	pre-elemental
28764	Storm Satuur Sash	210	postorms	npc_drop	pre-elemental
28751	Storm Taarid Bone	210	postorms	npc_drop	pre-elemental
28750	Storm Volaas Beard	210	postorms	npc_drop	pre-elemental
29194	Storm Volaas Hair	210	postorms	npc_drop	pre-elemental
5599	Stormrider Ear Charm	210	postorms	npc_drop	pre-elemental
12099	Stormrider Gauntlets	210	postorms	npc_drop	pre-elemental
13728	Stormrider Wing Mantle	210	postorms	npc_drop	pre-elemental
19097	Stout Water Repellant Boots	210	postorms	npc_drop	pre-elemental
16285	Strand of Ether	210	postorms	npc_drop	pre-elemental
11401	Supple Armadillo Scale Sleeves	210	postorms	npc_drop	pre-elemental
15866	Swirling Cloak of the Elements	210	postorms	npc_drop	pre-elemental
22882	Tempest Mace	210	postorms	npc_drop	pre-elemental
29027	Tip of an Animal Tail	210	postorms	npc_drop	pre-elemental
26863	Tome of the Wind's Wisdom	210	postorms	npc_drop	pre-elemental
14955	Tunic of Woven Steel	210	postorms	npc_drop	pre-elemental
26213	Waning Light Katar	210	postorms	npc_drop	pre-elemental
25860	Widebladed Greatsword	210	postorms	npc_drop	pre-elemental
22886	Wind Etched Mace	210	postorms	npc_drop	pre-elemental
26046	Wind Lance	210	postorms	npc_drop	pre-elemental
10247	Wind Ring	210	postorms	npc_drop	pre-elemental
20504	Wind Worn Luckstone	210	postorms	npc_drop	pre-elemental
26796	Writ of Karana	210	postorms	npc_drop	pre-elemental
26644	A Sealed Letter	211	hohonora	npc_drop	pre-elemental
26639	A Tuft of Fur	211	hohonora	npc_drop	pre-elemental
26640	A Wrulon Claw	211	hohonora	npc_drop	pre-elemental
9957	Band of the Risen	211	hohonora	npc_drop	pre-elemental
26646	Battered Chunk of Armor	211	hohonora	npc_drop	pre-elemental
26648	Bejeweled Ornate Dagger	211	hohonora	npc_drop	pre-elemental
22503	Blue Diamond	211	hohonora	npc_drop	pre-elemental
16282	Brick of Ethereal Energy	211	hohonora	npc_drop	pre-elemental
22965	Defenders Lightblade	211	hohonora	npc_drop	pre-elemental
26647	Destroyed Steel Plate	211	hohonora	npc_drop	pre-elemental
10037	Diamond	211	hohonora	npc_drop	pre-elemental
13683	Drape of the Proud	211	hohonora	npc_drop	pre-elemental
27987	Elven Bow of Mysticism	211	hohonora	npc_drop	pre-elemental
29112	Ethereal Parchment	211	hohonora	npc_drop	pre-elemental
7131	First Sergeants Insignia	211	hohonora	npc_drop	pre-elemental
23491	Gembladed Axe	211	hohonora	npc_drop	pre-elemental
15883	Girdle of Mithaniel	211	hohonora	npc_drop	pre-elemental
29132	Glyphed Rune Word	211	hohonora	npc_drop	pre-elemental
22878	Grandmasters Mace	211	hohonora	npc_drop	pre-elemental
25999	Great Blade of Heroism	211	hohonora	npc_drop	pre-elemental
9484	Guard Captains Faceguard	211	hohonora	npc_drop	pre-elemental
26218	Hand of Honor	211	hohonora	npc_drop	pre-elemental
29763	Hero Parts	211	hohonora	npc_drop	pre-elemental
27293	Holy Order of Mithaniel	211	hohonora	npc_drop	pre-elemental
10248	Intricately Inscribed Band	211	hohonora	npc_drop	pre-elemental
27267	Ivory Etched Aegis	211	hohonora	npc_drop	pre-elemental
22989	Longblade of Vitality	211	hohonora	npc_drop	pre-elemental
9589	Mystic Helm of Light	211	hohonora	npc_drop	pre-elemental
26645	Orb of Marr	211	hohonora	npc_drop	pre-elemental
16346	Ornate Breastplate Mold	211	hohonora	npc_drop	pre-elemental
16351	Ornate Leather Glove Pattern	211	hohonora	npc_drop	pre-elemental
16348	Ornate Leather Tunic Pattern	211	hohonora	npc_drop	pre-elemental
16358	Ornate Silk Glove Pattern	211	hohonora	npc_drop	pre-elemental
16355	Ornate Silk Robe Pattern	211	hohonora	npc_drop	pre-elemental
10028	Peridot	211	hohonora	npc_drop	pre-elemental
13669	Platoon Leaders Pauldrons	211	hohonora	npc_drop	pre-elemental
15819	Prophets Fury	211	hohonora	npc_drop	pre-elemental
15981	Raw Diamond	211	hohonora	npc_drop	pre-elemental
27499	Shield of the Ebon Hand	211	hohonora	npc_drop	pre-elemental
26643	Soldiers Notebook	211	hohonora	npc_drop	pre-elemental
26649	Soldiers Shield	211	hohonora	npc_drop	pre-elemental
26650	Soldiers Sword	211	hohonora	npc_drop	pre-elemental
29131	Spectral Parchment	211	hohonora	npc_drop	pre-elemental
26897	Staff of Swiftness	211	hohonora	npc_drop	pre-elemental
16575	Stitched Hide Pants of Fallen Foes	211	hohonora	npc_drop	pre-elemental
16285	Strand of Ether	211	hohonora	npc_drop	pre-elemental
26642	Symbol of Marr	211	hohonora	npc_drop	pre-elemental
8770	Talisman of Tears	211	hohonora	npc_drop	pre-elemental
11015	Tear Shaped Ring	211	hohonora	npc_drop	pre-elemental
26864	Tear of Great Sorrows	211	hohonora	npc_drop	pre-elemental
20510	Valorian Insignia	211	hohonora	npc_drop	pre-elemental
26043	Warders Ornate Broadsword	211	hohonora	npc_drop	pre-elemental
25979	Windblade	211	hohonora	npc_drop	pre-elemental
11017	Wristband of Strategy	211	hohonora	npc_drop	pre-elemental
7128	Wrulon Eye	211	hohonora	npc_drop	pre-elemental
26641	Wrulon Tail	211	hohonora	npc_drop	pre-elemental
9481	Baroque Half Mask of Solusek Ro	212	solrotower	npc_drop	pre-elemental
25987	Basalt Greatsword of the Protector	212	solrotower	npc_drop	pre-elemental
13664	Basalt Plated Pauldrons	212	solrotower	npc_drop	pre-elemental
10653	Black Basalt Band	212	solrotower	npc_drop	pre-elemental
22503	Blue Diamond	212	solrotower	npc_drop	pre-elemental
16282	Brick of Ethereal Energy	212	solrotower	npc_drop	pre-elemental
27283	Burnished Kite Shield	212	solrotower	npc_drop	pre-elemental
27278	Circular Shield of the Blaze	212	solrotower	npc_drop	pre-elemental
9239	Collar of Corrupted Flame	212	solrotower	npc_drop	pre-elemental
10037	Diamond	212	solrotower	npc_drop	pre-elemental
29112	Ethereal Parchment	212	solrotower	npc_drop	pre-elemental
28287	Fiery Power Source	212	solrotower	npc_drop	pre-elemental
9448	Fine Ivory Beaded Veil	212	solrotower	npc_drop	pre-elemental
2629	Flame Encased Earring	212	solrotower	npc_drop	pre-elemental
27983	Flame Hardened Longbow	212	solrotower	npc_drop	pre-elemental
22300	Flameforge Hammer	212	solrotower	npc_drop	pre-elemental
24598	Flametongue	212	solrotower	npc_drop	pre-elemental
15979	Flaming Sword of Xuzl	212	solrotower	npc_drop	pre-elemental
11878	Gauntlets of the Burning Prince	212	solrotower	npc_drop	pre-elemental
27097	Gilded Tome of Burning Blood	212	solrotower	npc_drop	pre-elemental
24590	Gleaming Obsidian Shard	212	solrotower	npc_drop	pre-elemental
27642	Glimmering Recurve Longbow	212	solrotower	npc_drop	pre-elemental
29132	Glyphed Rune Word	212	solrotower	npc_drop	pre-elemental
24611	Gold Runed Mithril Knife	212	solrotower	npc_drop	pre-elemental
26217	Hands of Immobile Flame	212	solrotower	npc_drop	pre-elemental
13650	Hooded Sanguine Mantle	212	solrotower	npc_drop	pre-elemental
26041	Huntsmans Cleaver	212	solrotower	npc_drop	pre-elemental
22985	Jagged Shard of Frozen Flame	212	solrotower	npc_drop	pre-elemental
26086	Lance of the Flame Knight	212	solrotower	npc_drop	pre-elemental
29744	Mephit Meat	212	solrotower	npc_drop	pre-elemental
21884	Mithril Battle Hammer	212	solrotower	npc_drop	pre-elemental
24998	Mithril Shod Staff	212	solrotower	npc_drop	pre-elemental
7754	Necklace of Flame Marked Links	212	solrotower	npc_drop	pre-elemental
25997	Obsidian Greatblade	212	solrotower	npc_drop	pre-elemental
13666	Obsidian Plated Pauldrons	212	solrotower	npc_drop	pre-elemental
16298	Ornate Boot Mold	212	solrotower	npc_drop	pre-elemental
16346	Ornate Breastplate Mold	212	solrotower	npc_drop	pre-elemental
23497	Ornate Broadsword	212	solrotower	npc_drop	pre-elemental
16291	Ornate Chain Tunic Pattern	212	solrotower	npc_drop	pre-elemental
16344	Ornate Greaves Mold	212	solrotower	npc_drop	pre-elemental
16348	Ornate Leather Tunic Pattern	212	solrotower	npc_drop	pre-elemental
16355	Ornate Silk Robe Pattern	212	solrotower	npc_drop	pre-elemental
14926	Padded Leather Tunic	212	solrotower	npc_drop	pre-elemental
10028	Peridot	212	solrotower	npc_drop	pre-elemental
24082	Phosphorous Powder	212	solrotower	npc_drop	pre-elemental
15823	Raiment of the Fire Son	212	solrotower	npc_drop	pre-elemental
15981	Raw Diamond	212	solrotower	npc_drop	pre-elemental
22960	Regal Staff of the Court Mortician	212	solrotower	npc_drop	pre-elemental
11048	Resplendent Leather Guards	212	solrotower	npc_drop	pre-elemental
25220	Rune Etched Bamboo Bo	212	solrotower	npc_drop	pre-elemental
9583	Sanguine Cap	212	solrotower	npc_drop	pre-elemental
19074	Sanguine Slippers	212	solrotower	npc_drop	pre-elemental
15795	Sol Ro Emblazoned Cloak	212	solrotower	npc_drop	pre-elemental
29131	Spectral Parchment	212	solrotower	npc_drop	pre-elemental
20469	Sphere of Encased Flame	212	solrotower	npc_drop	pre-elemental
16285	Strand of Ether	212	solrotower	npc_drop	pre-elemental
20486	The Orb of the Sun	212	solrotower	npc_drop	pre-elemental
18440	The Time Grows Near	212	solrotower	npc_drop	pre-elemental
20499	Totem of Cleansing Flame	212	solrotower	npc_drop	pre-elemental
26748	Wand of the Firestorm	212	solrotower	npc_drop	pre-elemental
24600	A Blood Bladed Dagger	214	potactics	npc_drop	pre-elemental
22988	Adjutant's Saber	214	potactics	npc_drop	pre-elemental
24693	Battle Drummer's Main-Gauche	214	potactics	npc_drop	pre-elemental
26739	Battle Fists	214	potactics	npc_drop	pre-elemental
26710	Battle Worn Trinket	214	potactics	npc_drop	pre-elemental
7770	Black Collar of Boundless Might	214	potactics	npc_drop	pre-elemental
8787	Black Plated Collar	214	potactics	npc_drop	pre-elemental
25989	Blade of War	214	potactics	npc_drop	pre-elemental
6507	Blood Earring of Rage	214	potactics	npc_drop	pre-elemental
29750	Blood Raven Parts	214	potactics	npc_drop	pre-elemental
21874	Blood Runed Battle Wand	214	potactics	npc_drop	pre-elemental
22503	Blue Diamond	214	potactics	npc_drop	pre-elemental
29772	Boar Meat	214	potactics	npc_drop	pre-elemental
19082	Boots of the Warmaster	214	potactics	npc_drop	pre-elemental
29350	Brick of Bloodmetal	214	potactics	npc_drop	pre-elemental
16282	Brick of Ethereal Energy	214	potactics	npc_drop	pre-elemental
19069	Campaigners Blessed Boots	214	potactics	npc_drop	pre-elemental
9577	Crimson Cowl	214	potactics	npc_drop	pre-elemental
28298	Decorin Ore Shard	214	potactics	npc_drop	pre-elemental
28285	Dense Hammered Casing	214	potactics	npc_drop	pre-elemental
26979	Diaku Blood	214	potactics	npc_drop	pre-elemental
32406	Diaku Forged Axe	214	potactics	npc_drop	pre-elemental
32409	Diaku Forged Maul	214	potactics	npc_drop	pre-elemental
32408	Diaku Forged Scimitar	214	potactics	npc_drop	pre-elemental
32410	Diaku Forged Sword	214	potactics	npc_drop	pre-elemental
32407	Diaku Forged War Hammer	214	potactics	npc_drop	pre-elemental
10037	Diamond	214	potactics	npc_drop	pre-elemental
6509	Ear Symbol of the Veteran	214	potactics	npc_drop	pre-elemental
28620	Enameled Collar	214	potactics	npc_drop	pre-elemental
29112	Ethereal Parchment	214	potactics	npc_drop	pre-elemental
22907	Furious Hammer of Zek	214	potactics	npc_drop	pre-elemental
15872	Girdle of the Tactician	214	potactics	npc_drop	pre-elemental
24583	Gladiators Jereed	214	potactics	npc_drop	pre-elemental
10233	Glowing Golden Band	214	potactics	npc_drop	pre-elemental
29132	Glyphed Rune Word	214	potactics	npc_drop	pre-elemental
28618	Gold tipped boar horn	214	potactics	npc_drop	pre-elemental
11072	Golem Forged Bracer	214	potactics	npc_drop	pre-elemental
9485	Grimfaced Visor	214	potactics	npc_drop	pre-elemental
22887	Hammer of the Bloodleacher	214	potactics	npc_drop	pre-elemental
26708	Head of a Diaku Soldier	214	potactics	npc_drop	pre-elemental
27165	Heavy Doublebound Shield	214	potactics	npc_drop	pre-elemental
16096	Heavy Tooled Weapon Belt	214	potactics	npc_drop	pre-elemental
28608	Highly Polished Gem	214	potactics	npc_drop	pre-elemental
12589	Ironmail Gauntlets	214	potactics	npc_drop	pre-elemental
32241	Living Coal	214	potactics	npc_drop	pre-elemental
20614	Lucky Battle Bloodstone	214	potactics	npc_drop	pre-elemental
24488	Mithril Champion Arrows	214	potactics	npc_drop	pre-elemental
22879	Obsidian Scimitar of War	214	potactics	npc_drop	pre-elemental
20603	Onyx Sphere	214	potactics	npc_drop	pre-elemental
16298	Ornate Boot Mold	214	potactics	npc_drop	pre-elemental
16297	Ornate Bracer Mold	214	potactics	npc_drop	pre-elemental
16346	Ornate Breastplate Mold	214	potactics	npc_drop	pre-elemental
16296	Ornate Chain Boot Pattern	214	potactics	npc_drop	pre-elemental
16293	Ornate Chain Bracelet Pattern	214	potactics	npc_drop	pre-elemental
16290	Ornate Chain Coif Pattern	214	potactics	npc_drop	pre-elemental
16294	Ornate Chain Glove Pattern	214	potactics	npc_drop	pre-elemental
16295	Ornate Chain Pant Pattern	214	potactics	npc_drop	pre-elemental
16292	Ornate Chain Sleeve Pattern	214	potactics	npc_drop	pre-elemental
16291	Ornate Chain Tunic Pattern	214	potactics	npc_drop	pre-elemental
16345	Ornate Gauntlet Mold	214	potactics	npc_drop	pre-elemental
16344	Ornate Greaves Mold	214	potactics	npc_drop	pre-elemental
16299	Ornate Helm Mold	214	potactics	npc_drop	pre-elemental
16353	Ornate Leather Boot Pattern	214	potactics	npc_drop	pre-elemental
16351	Ornate Leather Glove Pattern	214	potactics	npc_drop	pre-elemental
16347	Ornate Leather Helm Pattern	214	potactics	npc_drop	pre-elemental
16352	Ornate Leather Pant Pattern	214	potactics	npc_drop	pre-elemental
16349	Ornate Leather Sleeve Pattern	214	potactics	npc_drop	pre-elemental
16350	Ornate Leather Wristband Pattern	214	potactics	npc_drop	pre-elemental
16360	Ornate Silk Boot Pattern	214	potactics	npc_drop	pre-elemental
16357	Ornate Silk Bracelet Pattern	214	potactics	npc_drop	pre-elemental
16358	Ornate Silk Glove Pattern	214	potactics	npc_drop	pre-elemental
16359	Ornate Silk Pant Pattern	214	potactics	npc_drop	pre-elemental
16355	Ornate Silk Robe Pattern	214	potactics	npc_drop	pre-elemental
16356	Ornate Silk Sleeve Pattern	214	potactics	npc_drop	pre-elemental
16354	Ornate Silk Turban Pattern	214	potactics	npc_drop	pre-elemental
16343	Ornate Vambrace Mold	214	potactics	npc_drop	pre-elemental
7768	Pendant of the Triumphant Victor	214	potactics	npc_drop	pre-elemental
10028	Peridot	214	potactics	npc_drop	pre-elemental
28619	Plated Nose Ring	214	potactics	npc_drop	pre-elemental
26697	Rage Filled Gem	214	potactics	npc_drop	pre-elemental
15981	Raw Diamond	214	potactics	npc_drop	pre-elemental
9494	Red Circlet of the Evoker	214	potactics	npc_drop	pre-elemental
9436	Red Eyed Mask of Rage	214	potactics	npc_drop	pre-elemental
25228	Resplendent War Maul	214	potactics	npc_drop	pre-elemental
28606	Small Sparkling Gem	214	potactics	npc_drop	pre-elemental
15971	Smashed War Grubs	214	potactics	npc_drop	pre-elemental
29131	Spectral Parchment	214	potactics	npc_drop	pre-elemental
22997	Split Blade of Destruction	214	potactics	npc_drop	pre-elemental
16285	Strand of Ether	214	potactics	npc_drop	pre-elemental
28730	Symbol of Ducee Imperon	214	potactics	npc_drop	pre-elemental
26696	Symbol of Zek	214	potactics	npc_drop	pre-elemental
26709	Symbol of the Diaku	214	potactics	npc_drop	pre-elemental
27284	Tactician's Bulwark	214	potactics	npc_drop	pre-elemental
27984	Tallon Engraved Greatbow	214	potactics	npc_drop	pre-elemental
5797	Tallon's War Charm	214	potactics	npc_drop	pre-elemental
26702	Tough War Boar Hide	214	potactics	npc_drop	pre-elemental
28299	Useless Hunk of Metal	214	potactics	npc_drop	pre-elemental
9489	Veil of War Wise Eyes	214	potactics	npc_drop	pre-elemental
7771	Veteran's Battle Charm	214	potactics	npc_drop	pre-elemental
9483	Visor of Endless Sight	214	potactics	npc_drop	pre-elemental
26746	Wand of the War Wizard	214	potactics	npc_drop	pre-elemental
26700	War Boar Bridle	214	potactics	npc_drop	pre-elemental
26699	War Boar Chain	214	potactics	npc_drop	pre-elemental
26704	War Boar Horns	214	potactics	npc_drop	pre-elemental
26701	War Boar Ribcage	214	potactics	npc_drop	pre-elemental
26703	War Boar Tusks	214	potactics	npc_drop	pre-elemental
5975	War Charm of Crossed Blades	214	potactics	npc_drop	pre-elemental
10947	War Crested Ring	214	potactics	npc_drop	pre-elemental
26867	War Disciple's Focus	214	potactics	npc_drop	pre-elemental
27271	War Magus' Arrow Guard	214	potactics	npc_drop	pre-elemental
25980	War Marshall's Bladed Staff	214	potactics	npc_drop	pre-elemental
26698	War Stone	214	potactics	npc_drop	pre-elemental
29419	War Wraith Blood	214	potactics	npc_drop	pre-elemental
26705	War Wraith Mask	214	potactics	npc_drop	pre-elemental
26706	War Wraith Talon	214	potactics	npc_drop	pre-elemental
26707	War Wraith Wing	214	potactics	npc_drop	pre-elemental
27989	Warmaster's Recurved Longbow	214	potactics	npc_drop	pre-elemental
27288	Zek Crested Buckler	214	potactics	npc_drop	pre-elemental
26644	A Sealed Letter	220	hohonorb	npc_drop	pre-elemental
26639	A Tuft of Fur	220	hohonorb	npc_drop	pre-elemental
26640	A Wrulon Claw	220	hohonorb	npc_drop	pre-elemental
26648	Bejeweled Ornate Dagger	220	hohonorb	npc_drop	pre-elemental
24576	Blade of the Tempest	220	hohonorb	npc_drop	pre-elemental
22503	Blue Diamond	220	hohonorb	npc_drop	pre-elemental
27815	Bow of Contortion	220	hohonorb	npc_drop	pre-elemental
16282	Brick of Ethereal Energy	220	hohonorb	npc_drop	pre-elemental
15804	Cloak of the Wrulons	220	hohonorb	npc_drop	pre-elemental
24647	Dart of Immobility	220	hohonorb	npc_drop	pre-elemental
10037	Diamond	220	hohonorb	npc_drop	pre-elemental
13683	Drape of the Proud	220	hohonorb	npc_drop	pre-elemental
29112	Ethereal Parchment	220	hohonorb	npc_drop	pre-elemental
8773	Gemstone Choker	220	hohonorb	npc_drop	pre-elemental
29132	Glyphed Rune Word	220	hohonorb	npc_drop	pre-elemental
29763	Hero Parts	220	hohonorb	npc_drop	pre-elemental
22989	Longblade of Vitality	220	hohonorb	npc_drop	pre-elemental
10028	Peridot	220	hohonorb	npc_drop	pre-elemental
15981	Raw Diamond	220	hohonorb	npc_drop	pre-elemental
20623	Signet of the Advisor	220	hohonorb	npc_drop	pre-elemental
26643	Soldiers Notebook	220	hohonorb	npc_drop	pre-elemental
26649	Soldiers Shield	220	hohonorb	npc_drop	pre-elemental
26650	Soldiers Sword	220	hohonorb	npc_drop	pre-elemental
29131	Spectral Parchment	220	hohonorb	npc_drop	pre-elemental
16285	Strand of Ether	220	hohonorb	npc_drop	pre-elemental
26642	Symbol of Marr	220	hohonorb	npc_drop	pre-elemental
15873	Valiant Belt of Fallen Heroes	220	hohonorb	npc_drop	pre-elemental
26641	Wrulon Tail	220	hohonorb	npc_drop	pre-elemental
26692	Alabaster Bone	221	nightmareb	npc_drop	pre-elemental
26695	Bejeweled Bridle	221	nightmareb	npc_drop	pre-elemental
22503	Blue Diamond	221	nightmareb	npc_drop	pre-elemental
13073	Bone Chips	221	nightmareb	npc_drop	pre-elemental
10127	Carved Bone Ring	221	nightmareb	npc_drop	pre-elemental
10037	Diamond	221	nightmareb	npc_drop	pre-elemental
24084	Dust of Decay	221	nightmareb	npc_drop	pre-elemental
29112	Ethereal Parchment	221	nightmareb	npc_drop	pre-elemental
15844	Fearsome Midnight Cloak	221	nightmareb	npc_drop	pre-elemental
26660	Globe of Darkness	221	nightmareb	npc_drop	pre-elemental
11019	Indigo Snake Bracelet	221	nightmareb	npc_drop	pre-elemental
26690	Intricate Chain Links	221	nightmareb	npc_drop	pre-elemental
26691	Ivory Skull	221	nightmareb	npc_drop	pre-elemental
9463	Knucklebone Beaded Veil	221	nightmareb	npc_drop	pre-elemental
10028	Peridot	221	nightmareb	npc_drop	pre-elemental
15981	Raw Diamond	221	nightmareb	npc_drop	pre-elemental
13684	Sable Lined Mantle	221	nightmareb	npc_drop	pre-elemental
26682	Twisted Talon	221	nightmareb	npc_drop	pre-elemental
21993	Bracer of the Inferno	223	potimeb	quarm_override	quarm
16156	Cord of Temporal Weavings	223	potimeb	quarm_override	quarm
7130	Earring of Influxed Gravity	223	potimeb	quarm_override	quarm
32100	Earthen Bracer of Fortitude	223	potimeb	quarm_override	quarm
28649	Ethereal Silk Leggings	223	potimeb	quarm_override	quarm
22894	Hammer of the Timeweaver	223	potimeb	quarm_override	quarm
26989	Prismatic Ring of Resistance	223	potimeb	quarm_override	quarm
28661	Shawl of Eternal Forces	223	potimeb	quarm_override	quarm
15805	Shroud of Eternity	223	potimeb	quarm_override	quarm
7123	Silver Hoop of Speed	223	potimeb	quarm_override	quarm
20496	Spool of Woven Time	223	potimeb	quarm_override	quarm
26987	Stone of Flowing Time	223	potimeb	quarm_override	quarm
7769	Talisman of the Elements	223	potimeb	quarm_override	quarm
16375	Timeless Breastplate Mold	223	potimeb	quarm_override	quarm
16363	Timeless Chain Tunic Pattern	223	potimeb	quarm_override	quarm
16377	Timeless Leather Tunic Pattern	223	potimeb	quarm_override	quarm
16384	Timeless Silk Robe Pattern	223	potimeb	quarm_override	quarm
27280	Whorl of Unnatural Forces	223	potimeb	quarm_override	quarm
32110	Wristband of Icy Vengeance	223	potimeb	quarm_override	quarm
28654	Amulet of Crystal Dreams	223	potimeb	npc_drop	time
21995	Armguards of the Brute	223	potimeb	npc_drop	time
26990	Band of Primordial Energy	223	potimeb	npc_drop	time
26991	Band of Prismatic Focus	223	potimeb	npc_drop	time
27274	Barrier of Freezing Winds	223	potimeb	npc_drop	time
15927	Belt of Temporal Bindings	223	potimeb	npc_drop	time
15877	Belt of Tidal Energy	223	potimeb	npc_drop	time
25995	Boots of Despair	223	potimeb	npc_drop	time
27818	Bow of the Tempest	223	potimeb	npc_drop	time
28667	Bracer of Precision	223	potimeb	npc_drop	time
32609	Bracer of Timeless Rage	223	potimeb	npc_drop	time
28648	Cap of Flowing Time	223	potimeb	npc_drop	time
21998	Cape of Endless Torment	223	potimeb	npc_drop	time
15847	Celestial Cloak	223	potimeb	npc_drop	time
32607	Circlet of Flowing Time	223	potimeb	npc_drop	time
21996	Cloak of Ferocity	223	potimeb	npc_drop	time
15842	Cloak of Retribution	223	potimeb	npc_drop	time
21997	Cloak of Wishes	223	potimeb	npc_drop	time
15815	Cloak of the Falling Skies	223	potimeb	npc_drop	time
28605	Coif of Flowing Time	223	potimeb	npc_drop	time
8977	Collar of Catastrophe	223	potimeb	npc_drop	time
15881	Cord of Potential	223	potimeb	npc_drop	time
22890	Cudgel of Venomous Hatred	223	potimeb	npc_drop	time
22883	Cudgel of Wrecking	223	potimeb	npc_drop	time
24776	Dagger of Distraction	223	potimeb	npc_drop	time
22999	Darkblade of the Warlord	223	potimeb	npc_drop	time
28660	Drape of the Unending	223	potimeb	npc_drop	time
4119	Earring of Celestial Energy	223	potimeb	npc_drop	time
7125	Earring of Corporeal Essence	223	potimeb	npc_drop	time
5594	Earring of Temporal Solstice	223	potimeb	npc_drop	time
26980	Earring of Unseen Horrors	223	potimeb	npc_drop	time
5760	Earring of Xaoth Kor	223	potimeb	npc_drop	time
22986	Edge of Eternity	223	potimeb	npc_drop	time
16367	Elemental Chain Pant Pattern	223	potimeb	npc_drop	time
16373	Elemental Greaves Mold	223	potimeb	npc_drop	time
16381	Elemental Leather Pant Pattern	223	potimeb	npc_drop	time
16388	Elemental Silk Pant Pattern	223	potimeb	npc_drop	time
22998	Ethereal Destroyer	223	potimeb	npc_drop	time
9574	Eye of Dreams	223	potimeb	npc_drop	time
26983	Faceguard of Frenzy	223	potimeb	npc_drop	time
28657	Fiery Crystal Guard	223	potimeb	npc_drop	time
27990	Gauntlets of Disruption	223	potimeb	npc_drop	time
28664	Girdle of Intense Durability	223	potimeb	npc_drop	time
28662	Girdle of Restoration	223	potimeb	npc_drop	time
31603	Girdle of Stability	223	potimeb	npc_drop	time
26799	Globe of Mystical Protection	223	potimeb	npc_drop	time
28246	Gloves of Airy Mists	223	potimeb	npc_drop	time
26996	Gloves of the Unseen	223	potimeb	npc_drop	time
28653	Glowing Chains	223	potimeb	npc_drop	time
26092	Greatblade of Chaos	223	potimeb	npc_drop	time
24793	Greatstaff of Power	223	potimeb	npc_drop	time
28650	Greaves of Furious Might	223	potimeb	npc_drop	time
20627	Hammer of Holy Vengeance	223	potimeb	npc_drop	time
21886	Hammer of Hours	223	potimeb	npc_drop	time
28647	Helm of Flowing Time	223	potimeb	npc_drop	time
21999	Hoop of the Enlightened	223	potimeb	npc_drop	time
23498	Hopebringer	223	potimeb	npc_drop	time
24692	Jagged Timeforged Blade	223	potimeb	npc_drop	time
28651	Leggings of Furious Might	223	potimeb	npc_drop	time
28658	Mantle of Deadly Precision	223	potimeb	npc_drop	time
13647	Mantle of Pure Spirit	223	potimeb	npc_drop	time
9444	Mask of Conceptual Energy	223	potimeb	npc_drop	time
26984	Mask of Simplicity	223	potimeb	npc_drop	time
29174	Mask of Strategic Insight	223	potimeb	npc_drop	time
8782	Necklace of Celestial Energy	223	potimeb	npc_drop	time
9289	Necklace of Eternal Visions	223	potimeb	npc_drop	time
26895	Orb of Clinging Death	223	potimeb	npc_drop	time
27000	Padded Tigerskin Gloves	223	potimeb	npc_drop	time
28652	Pants of Furious Might	223	potimeb	npc_drop	time
28659	Pauldrons of Devastation	223	potimeb	npc_drop	time
13638	Pauldrons of Purity	223	potimeb	npc_drop	time
15824	Platinum Cloak of War	223	potimeb	npc_drop	time
21994	Protective Sleeves	223	potimeb	npc_drop	time
25844	Pulsing Emerald Hoop	223	potimeb	npc_drop	time
26993	Pulsing Onyx Ring	223	potimeb	npc_drop	time
26994	Ring of Evasion	223	potimeb	npc_drop	time
26992	Ring of Force	223	potimeb	npc_drop	time
14818	Ring of Thunderous Forces	223	potimeb	npc_drop	time
28663	Runewarded Belt	223	potimeb	npc_drop	time
32610	Sandals of Empowerment	223	potimeb	npc_drop	time
22959	Serpent of Vindication	223	potimeb	npc_drop	time
20625	Serrated Dart of Energy	223	potimeb	npc_drop	time
27298	Shield of Strife	223	potimeb	npc_drop	time
25998	Shield of the Vortex	223	potimeb	npc_drop	time
26740	Shinai of the Ancients	223	potimeb	npc_drop	time
26986	Shoes of Fleeting Fury	223	potimeb	npc_drop	time
13673	Shroud of Provocation	223	potimeb	npc_drop	time
13674	Shroud of Survival	223	potimeb	npc_drop	time
28655	Smooth Onyx Torque	223	potimeb	npc_drop	time
24570	Songblade of the Eternal	223	potimeb	npc_drop	time
24999	Staff of Transcendence	223	potimeb	npc_drop	time
20508	Symbol of Ancient Summoning	223	potimeb	npc_drop	time
20898	Symbol of the Planemasters	223	potimeb	npc_drop	time
28656	Tactician's Shield	223	potimeb	npc_drop	time
8774	Talisman of Tainted Energy	223	potimeb	npc_drop	time
32608	Temporal Chainmail Sleeves	223	potimeb	npc_drop	time
26789	Time Traveler's Abandoned Notebook	223	potimeb	npc_drop	time
24699	Time's Antithesis	223	potimeb	npc_drop	time
16375	Timeless Breastplate Mold	223	potimeb	npc_drop	time
16363	Timeless Chain Tunic Pattern	223	potimeb	npc_drop	time
32606	Timeless Coral Greatsword	223	potimeb	npc_drop	time
16377	Timeless Leather Tunic Pattern	223	potimeb	npc_drop	time
16384	Timeless Silk Robe Pattern	223	potimeb	npc_drop	time
24573	Timespinner, Blade of the Hunter	223	potimeb	npc_drop	time
10948	Timestone Adorned Ring	223	potimeb	npc_drop	time
26995	Tiny Jade Ring	223	potimeb	npc_drop	time
21338	Ton Po's Mystical Pouch	223	potimeb	npc_drop	time
29172	Vanazir, Dreamer's Despair	223	potimeb	npc_drop	time
26981	Veil of Lost Hopes	223	potimeb	npc_drop	time
26985	Veil of Warmth	223	potimeb	npc_drop	time
9435	Veil of the Inferno	223	potimeb	npc_drop	time
26982	Visor of the Berserker	223	potimeb	npc_drop	time
15867	Wand of Impenetrable Force	223	potimeb	npc_drop	time
21876	Wand of Temporal Power	223	potimeb	npc_drop	time
26899	Wand of the Vortex	223	potimeb	npc_drop	time
26988	Winged Storm Boots	223	potimeb	npc_drop	time
28666	Wristband of Echoed Thoughts	223	potimeb	npc_drop	time
28668	Wristguard of Keen Vision	223	potimeb	npc_drop	time
28665	Zealot's Spiked Bracer	223	potimeb	npc_drop	time
